entry_time,exit_time,side,quantity,entry_price,exit_price,gross_pnl,commission,net_pnl,entry_order_id,exit_order_id,exit_comment,is_partial_exit,parent_entry_order_id,entry_bar_idx,exit_bar_idx,bars_held
2022-01-11 09:55:00,2022-01-11 10:35:00,long,10.370645,83.89,83.95,0.6222387000000236,0.0,0.6222387000000236,entry_long_2022-01-11 09:50:00,exit_VWAPExitRule_2022-01-11 10:35:00,VWAP Cross Down,False,,473,481,8
2022-01-11 10:50:00,2022-01-11 10:50:00,long,18.464532,83.84,83.84,0.0,0.0,0.0,entry_long_2022-01-11 10:45:00,exit_VWAPExitRule_2022-01-11 10:50:00,VWAP Cross Down,False,,484,484,0
2022-01-11 11:00:00,2022-01-11 15:40:00,long,21.778025,83.92,85.92,43.55605,0.0,43.55605,entry_long_2022-01-11 10:55:00,exit_TimeExitRule_2022-01-11 15:40:00,Time threshold reached,False,,486,542,56
2022-01-12 13:15:00,2022-01-12 15:40:00,short,26.382461,83.79,83.825,-0.92338613499991,0.0,-0.92338613499991,entry_short_2022-01-12 13:10:00,exit_TimeExitRule_2022-01-12 15:40:00,Time threshold reached,False,,591,620,29
2022-01-13 12:25:00,2022-01-13 15:40:00,short,25.367483,82.56,82.52,1.0146993200001586,0.0,1.0146993200001586,entry_short_2022-01-13 12:20:00,exit_TimeExitRule_2022-01-13 15:40:00,Time threshold reached,False,,659,698,39
2022-01-14 09:55:00,2022-01-14 10:35:00,long,11.946538,84.21,83.82,-4.659149820000007,0.0,-4.659149820000007,entry_long_2022-01-14 09:50:00,exit_VWAPExitRule_2022-01-14 10:35:00,VWAP Cross Down,False,,707,715,8
2022-01-14 11:40:00,2022-01-14 12:45:00,long,72.877958,84.16,83.97,-13.846812019999836,0.0,-13.846812019999836,entry_long_2022-01-14 11:35:00,exit_VWAPExitRule_2022-01-14 12:45:00,VWAP Cross Down,False,,728,741,13
2022-01-14 14:00:00,2022-01-14 15:40:00,long,57.881556,84.069,84.87,46.363126356000116,0.0,46.363126356000116,entry_long_2022-01-14 13:55:00,exit_TimeExitRule_2022-01-14 15:40:00,Time threshold reached,False,,756,776,20
2022-01-18 13:20:00,2022-01-18 15:40:00,short,46.488031,80.9,80.69,9.76248651000037,0.0,9.76248651000037,entry_short_2022-01-18 13:15:00,exit_TimeExitRule_2022-01-18 15:40:00,Time threshold reached,False,,826,854,28
2022-01-20 14:45:00,2022-01-20 15:40:00,short,28.637337,79.49,78.51,28.064590259999704,0.0,28.064590259999704,entry_short_2022-01-20 14:40:00,exit_TimeExitRule_2022-01-20 15:40:00,Time threshold reached,False,,999,1010,11
2022-01-21 10:05:00,2022-01-21 10:30:00,short,22.834931,76.16,76.07,2.055143790000078,0.0,2.055143790000078,entry_short_2022-01-21 10:00:00,exit_VWAPExitRule_2022-01-21 10:30:00,VWAP Cross Up,False,,1021,1026,5
2022-01-21 12:15:00,2022-01-21 15:40:00,short,44.712309,75.97,74.99,43.81806282000017,0.0,43.81806282000017,entry_short_2022-01-21 12:10:00,exit_TimeExitRule_2022-01-21 15:40:00,Time threshold reached,False,,1047,1088,41
2022-01-24 11:40:00,2022-01-24 13:10:00,short,20.245831,71.4414,72.34,-18.192903736600037,0.0,-18.192903736600037,entry_short_2022-01-24 11:35:00,exit_VWAPExitRule_2022-01-24 13:10:00,VWAP Cross Up,False,,1118,1136,18
2022-01-25 09:50:00,2022-01-25 11:15:00,short,2.693899,75.63,76.51,-2.370631120000026,0.0,-2.370631120000026,entry_short_2022-01-25 09:45:00,exit_VWAPExitRule_2022-01-25 11:15:00,VWAP Cross Up,False,,1174,1191,17
2022-01-25 11:40:00,2022-01-25 12:05:00,short,15.269662,76.56,76.5,0.9161797200000348,0.0,0.9161797200000348,entry_short_2022-01-25 11:35:00,exit_VWAPExitRule_2022-01-25 12:05:00,VWAP Cross Up,False,,1196,1201,5
2022-01-25 12:20:00,2022-01-25 12:20:00,short,21.702506,76.52,76.52,-0.0,0.0,-0.0,entry_short_2022-01-25 12:15:00,exit_VWAPExitRule_2022-01-25 12:20:00,VWAP Cross Up,False,,1204,1204,0
2022-01-25 12:45:00,2022-01-25 12:55:00,short,26.787926,76.56,76.31,6.6969815,0.0,6.6969815,entry_short_2022-01-25 12:40:00,exit_VWAPExitRule_2022-01-25 12:55:00,VWAP Cross Up,False,,1209,1211,2
2022-01-25 13:05:00,2022-01-25 13:05:00,short,31.848652,76.39,76.39,-0.0,0.0,-0.0,entry_short_2022-01-25 13:00:00,exit_VWAPExitRule_2022-01-25 13:05:00,VWAP Cross Up,False,,1213,1213,0
2022-01-25 14:40:00,2022-01-25 15:40:00,long,42.927714,78.32,78.11,-9.014819939999732,0.0,-9.014819939999732,entry_long_2022-01-25 14:35:00,exit_TimeExitRule_2022-01-25 15:40:00,Time threshold reached,False,,1232,1244,12
2022-01-26 10:15:00,2022-01-26 12:25:00,short,10.610503,80.76,81.30000000000001,-5.729671620000066,0.0,-5.729671620000066,entry_short_2022-01-26 10:10:00,exit_VWAPExitRule_2022-01-26 12:25:00,VWAP Cross Up,False,,1257,1283,26
2022-01-26 14:45:00,2022-01-26 15:40:00,short,11.215538,80.89,79.37,17.047617759999955,0.0,17.047617759999955,entry_short_2022-01-26 14:40:00,exit_TimeExitRule_2022-01-26 15:40:00,Time threshold reached,False,,1311,1322,11
2022-01-27 12:15:00,2022-01-27 15:40:00,short,42.586775,80.25,80.42,-7.239751750000073,0.0,-7.239751750000073,entry_short_2022-01-27 12:10:00,exit_TimeExitRule_2022-01-27 15:40:00,Time threshold reached,False,,1359,1400,41
2022-01-31 10:00:00,2022-01-31 15:15:00,long,28.496438,82.27999999999999,82.68,11.398575200000568,0.0,11.398575200000568,entry_long_2022-01-31 09:55:00,exit_VWAPExitRule_2022-01-31 15:15:00,VWAP Cross Down,False,,1488,1550,62
2022-01-31 15:25:00,2022-01-31 15:40:00,long,41.445065,82.72,82.97,10.36126625,0.0,10.36126625,entry_long_2022-01-31 15:20:00,exit_TimeExitRule_2022-01-31 15:40:00,Time threshold reached,False,,1552,1555,3
2022-02-01 09:50:00,2022-02-01 11:25:00,short,7.730678,80.96,80.44,4.019952559999969,0.0,4.019952559999969,entry_short_2022-02-01 09:45:00,exit_VWAPExitRule_2022-02-01 11:25:00,VWAP Cross Up,False,,1563,1582,19
2022-02-01 11:35:00,2022-02-01 11:35:00,short,31.06323,80.865,80.865,-0.0,0.0,-0.0,entry_short_2022-02-01 11:30:00,exit_VWAPExitRule_2022-02-01 11:35:00,VWAP Cross Up,False,,1584,1584,0
2022-02-01 11:45:00,2022-02-01 11:45:00,short,30.405465,81.09,81.09,-0.0,0.0,-0.0,entry_short_2022-02-01 11:40:00,exit_VWAPExitRule_2022-02-01 11:45:00,VWAP Cross Up,False,,1586,1586,0
2022-02-01 12:30:00,2022-02-01 12:30:00,short,56.052017,81.0,81.0,-0.0,0.0,-0.0,entry_short_2022-02-01 12:25:00,exit_VWAPExitRule_2022-02-01 12:30:00,VWAP Cross Up,False,,1595,1595,0
2022-02-01 12:40:00,2022-02-01 12:40:00,short,45.603978,80.7972,80.7972,-0.0,0.0,-0.0,entry_short_2022-02-01 12:35:00,exit_VWAPExitRule_2022-02-01 12:40:00,VWAP Cross Up,False,,1597,1597,0
2022-02-01 12:50:00,2022-02-01 12:50:00,short,47.210205,80.9,80.9,-0.0,0.0,-0.0,entry_short_2022-02-01 12:45:00,exit_VWAPExitRule_2022-02-01 12:50:00,VWAP Cross Up,False,,1599,1599,0
2022-02-01 13:00:00,2022-02-01 13:00:00,short,73.836492,81.03,81.03,-0.0,0.0,-0.0,entry_short_2022-02-01 12:55:00,exit_VWAPExitRule_2022-02-01 13:00:00,VWAP Cross Up,False,,1601,1601,0
2022-02-01 13:10:00,2022-02-01 13:10:00,short,58.101132,80.95,80.95,-0.0,0.0,-0.0,entry_short_2022-02-01 13:05:00,exit_VWAPExitRule_2022-02-01 13:10:00,VWAP Cross Up,False,,1603,1603,0
2022-02-01 13:35:00,2022-02-01 13:35:00,short,59.164147,80.9,80.9,-0.0,0.0,-0.0,entry_short_2022-02-01 13:30:00,exit_VWAPExitRule_2022-02-01 13:35:00,VWAP Cross Up,False,,1608,1608,0
2022-02-01 13:50:00,2022-02-01 13:50:00,short,56.146678,80.97,80.97,-0.0,0.0,-0.0,entry_short_2022-02-01 13:45:00,exit_VWAPExitRule_2022-02-01 13:50:00,VWAP Cross Up,False,,1611,1611,0
2022-02-01 14:00:00,2022-02-01 14:00:00,short,75.628522,80.96,80.96,-0.0,0.0,-0.0,entry_short_2022-02-01 13:55:00,exit_VWAPExitRule_2022-02-01 14:00:00,VWAP Cross Up,False,,1613,1613,0
2022-02-01 14:15:00,2022-02-01 14:15:00,short,67.65556,80.96,80.96,-0.0,0.0,-0.0,entry_short_2022-02-01 14:10:00,exit_VWAPExitRule_2022-02-01 14:15:00,VWAP Cross Up,False,,1616,1616,0
2022-02-01 14:25:00,2022-02-01 14:25:00,short,74.382271,80.9,80.9,-0.0,0.0,-0.0,entry_short_2022-02-01 14:20:00,exit_VWAPExitRule_2022-02-01 14:25:00,VWAP Cross Up,False,,1618,1618,0
2022-02-01 14:35:00,2022-02-01 14:35:00,short,72.756786,80.98,80.98,-0.0,0.0,-0.0,entry_short_2022-02-01 14:30:00,exit_VWAPExitRule_2022-02-01 14:35:00,VWAP Cross Up,False,,1620,1620,0
2022-02-01 14:45:00,2022-02-01 14:45:00,short,92.636646,81.04,81.04,-0.0,0.0,-0.0,entry_short_2022-02-01 14:40:00,exit_VWAPExitRule_2022-02-01 14:45:00,VWAP Cross Up,False,,1622,1622,0
2022-02-01 14:55:00,2022-02-01 14:55:00,short,79.97095,81.03,81.03,-0.0,0.0,-0.0,entry_short_2022-02-01 14:50:00,exit_VWAPExitRule_2022-02-01 14:55:00,VWAP Cross Up,False,,1624,1624,0
2022-02-01 15:35:00,2022-02-01 15:35:00,short,123.419933,81.02,81.02,-0.0,0.0,-0.0,entry_short_2022-02-01 15:30:00,exit_VWAPExitRule_2022-02-01 15:35:00,VWAP Cross Up,False,,1632,1632,0
2022-02-02 11:40:00,2022-02-02 12:05:00,short,35.975721,81.67,82.32,-23.384218649999692,0.0,-23.384218649999692,entry_short_2022-02-02 11:35:00,exit_VWAPExitRule_2022-02-02 12:05:00,VWAP Cross Up,False,,1663,1668,5
2022-02-03 11:45:00,2022-02-03 14:15:00,short,33.808652,79.9,80.05,-5.071297799999712,0.0,-5.071297799999712,entry_short_2022-02-03 11:40:00,exit_VWAPExitRule_2022-02-03 14:15:00,VWAP Cross Up,False,,1742,1772,30
2022-02-03 14:45:00,2022-02-03 15:40:00,short,65.386317,79.85,79.69,10.461810719999777,0.0,10.461810719999777,entry_short_2022-02-03 14:40:00,exit_TimeExitRule_2022-02-03 15:40:00,Time threshold reached,False,,1778,1789,11
2022-02-04 12:50:00,2022-02-04 13:15:00,short,440.808097,78.38,78.62,-105.793943280004,0.0,-105.793943280004,entry_short_2022-02-04 12:45:00,exit_VWAPExitRule_2022-02-04 13:15:00,VWAP Cross Up,False,,1833,1838,5
2022-02-08 10:55:00,2022-02-08 15:40:00,long,270.730284,77.7512,78.735,266.3444533992006,0.0,266.3444533992006,entry_long_2022-02-08 10:50:00,exit_TimeExitRule_2022-02-08 15:40:00,Time threshold reached,False,,1966,2023,57
2022-02-10 10:05:00,2022-02-10 13:15:00,long,21.259128,81.35,81.45,2.1259128000001812,0.0,2.1259128000001812,entry_long_2022-02-10 10:00:00,exit_VWAPExitRule_2022-02-10 13:15:00,VWAP Cross Down,False,,2112,2150,38
2022-02-10 13:25:00,2022-02-10 13:25:00,long,29.742382,81.19,81.19,0.0,0.0,0.0,entry_long_2022-02-10 13:20:00,exit_VWAPExitRule_2022-02-10 13:25:00,VWAP Cross Down,False,,2152,2152,0
2022-02-10 13:35:00,2022-02-10 13:35:00,long,32.700158,80.99,80.99,0.0,0.0,0.0,entry_long_2022-02-10 13:30:00,exit_VWAPExitRule_2022-02-10 13:35:00,VWAP Cross Down,False,,2154,2154,0
2022-02-10 13:50:00,2022-02-10 13:50:00,long,64.477977,80.97,80.97,0.0,0.0,0.0,entry_long_2022-02-10 13:45:00,exit_VWAPExitRule_2022-02-10 13:50:00,VWAP Cross Down,False,,2157,2157,0
2022-02-10 14:00:00,2022-02-10 14:00:00,long,63.551522,81.08,81.08,0.0,0.0,0.0,entry_long_2022-02-10 13:55:00,exit_VWAPExitRule_2022-02-10 14:00:00,VWAP Cross Down,False,,2159,2159,0
2022-02-10 14:10:00,2022-02-10 14:10:00,long,116.189225,80.94,80.94,0.0,0.0,0.0,entry_long_2022-02-10 14:05:00,exit_VWAPExitRule_2022-02-10 14:10:00,VWAP Cross Down,False,,2161,2161,0
2022-02-11 11:45:00,2022-02-11 15:40:00,short,39.996514,79.83,78.1,69.19396922000016,0.0,69.19396922000016,entry_short_2022-02-11 11:40:00,exit_TimeExitRule_2022-02-11 15:40:00,Time threshold reached,False,,2210,2257,47
2022-02-14 11:30:00,2022-02-14 13:55:00,long,40.40589,78.77,78.34,-17.3745326999997,0.0,-17.3745326999997,entry_long_2022-02-14 11:25:00,exit_VWAPExitRule_2022-02-14 13:55:00,VWAP Cross Down,False,,2285,2313,28
2022-02-14 14:55:00,2022-02-14 15:40:00,long,58.378032,78.49,78.8,18.097189920000133,0.0,18.097189920000133,entry_long_2022-02-14 14:50:00,exit_TimeExitRule_2022-02-14 15:40:00,Time threshold reached,False,,2325,2334,9
2022-02-16 10:25:00,2022-02-16 10:45:00,short,50.645077,80.19999999999999,80.5,-15.193523100000576,0.0,-15.193523100000576,entry_short_2022-02-16 10:20:00,exit_VWAPExitRule_2022-02-16 10:45:00,VWAP Cross Up,False,,2427,2431,4
2022-02-17 09:50:00,2022-02-17 09:55:00,short,2.895238,75.24,75.28,-0.1158095200000181,0.0,-0.1158095200000181,entry_short_2022-02-17 09:45:00,exit_VWAPExitRule_2022-02-17 09:55:00,VWAP Cross Up,False,,2496,2497,1
2022-02-17 10:05:00,2022-02-17 12:20:00,short,21.322553,75.58,74.65,19.829974289999843,0.0,19.829974289999843,entry_short_2022-02-17 10:00:00,exit_VWAPExitRule_2022-02-17 12:20:00,VWAP Cross Up,False,,2499,2526,27
2022-02-17 12:30:00,2022-02-17 12:30:00,short,58.72473,74.87,74.87,-0.0,0.0,-0.0,entry_short_2022-02-17 12:25:00,exit_VWAPExitRule_2022-02-17 12:30:00,VWAP Cross Up,False,,2528,2528,0
2022-02-17 12:40:00,2022-02-17 12:40:00,short,63.454359,74.93,74.93,-0.0,0.0,-0.0,entry_short_2022-02-17 12:35:00,exit_VWAPExitRule_2022-02-17 12:40:00,VWAP Cross Up,False,,2530,2530,0
2022-02-17 12:50:00,2022-02-17 12:50:00,short,112.041449,74.99,74.99,-0.0,0.0,-0.0,entry_short_2022-02-17 12:45:00,exit_VWAPExitRule_2022-02-17 12:50:00,VWAP Cross Up,False,,2532,2532,0
2022-02-17 13:00:00,2022-02-17 13:00:00,short,54.772306,75.28,75.28,-0.0,0.0,-0.0,entry_short_2022-02-17 12:55:00,exit_VWAPExitRule_2022-02-17 13:00:00,VWAP Cross Up,False,,2534,2534,0
2022-02-17 13:10:00,2022-02-17 13:10:00,short,60.264304,75.31,75.31,-0.0,0.0,-0.0,entry_short_2022-02-17 13:05:00,exit_VWAPExitRule_2022-02-17 13:10:00,VWAP Cross Up,False,,2536,2536,0
2022-02-17 13:20:00,2022-02-17 13:20:00,short,61.033118,75.1,75.1,-0.0,0.0,-0.0,entry_short_2022-02-17 13:15:00,exit_VWAPExitRule_2022-02-17 13:20:00,VWAP Cross Up,False,,2538,2538,0
2022-02-17 13:30:00,2022-02-17 13:30:00,short,82.373713,75.06,75.06,-0.0,0.0,-0.0,entry_short_2022-02-17 13:25:00,exit_VWAPExitRule_2022-02-17 13:30:00,VWAP Cross Up,False,,2540,2540,0
2022-02-17 13:40:00,2022-02-17 13:40:00,short,135.971115,75.05,75.05,-0.0,0.0,-0.0,entry_short_2022-02-17 13:35:00,exit_VWAPExitRule_2022-02-17 13:40:00,VWAP Cross Up,False,,2542,2542,0
2022-02-17 13:50:00,2022-02-17 13:50:00,short,437.454025,75.04,75.04,-0.0,0.0,-0.0,entry_short_2022-02-17 13:45:00,exit_VWAPExitRule_2022-02-17 13:50:00,VWAP Cross Up,False,,2544,2544,0
2022-02-17 14:00:00,2022-02-17 14:00:00,short,63.819597,75.11,75.11,-0.0,0.0,-0.0,entry_short_2022-02-17 13:55:00,exit_VWAPExitRule_2022-02-17 14:00:00,VWAP Cross Up,False,,2546,2546,0
2022-02-17 14:10:00,2022-02-17 14:10:00,short,59.709099,75.07,75.07,-0.0,0.0,-0.0,entry_short_2022-02-17 14:05:00,exit_VWAPExitRule_2022-02-17 14:10:00,VWAP Cross Up,False,,2548,2548,0
2022-02-17 14:20:00,2022-02-17 14:20:00,short,56.05798,75.33,75.33,-0.0,0.0,-0.0,entry_short_2022-02-17 14:15:00,exit_VWAPExitRule_2022-02-17 14:20:00,VWAP Cross Up,False,,2550,2550,0
2022-02-17 14:30:00,2022-02-17 14:30:00,short,59.422831,75.32,75.32,-0.0,0.0,-0.0,entry_short_2022-02-17 14:25:00,exit_VWAPExitRule_2022-02-17 14:30:00,VWAP Cross Up,False,,2552,2552,0
2022-02-17 14:40:00,2022-02-17 14:40:00,short,97.923832,75.4,75.4,-0.0,0.0,-0.0,entry_short_2022-02-17 14:35:00,exit_VWAPExitRule_2022-02-17 14:40:00,VWAP Cross Up,False,,2554,2554,0
2022-02-17 14:50:00,2022-02-17 14:50:00,short,111.28384,75.62,75.62,-0.0,0.0,-0.0,entry_short_2022-02-17 14:45:00,exit_VWAPExitRule_2022-02-17 14:50:00,VWAP Cross Up,False,,2556,2556,0
2022-02-17 15:00:00,2022-02-17 15:00:00,short,61.663184,75.57,75.57,-0.0,0.0,-0.0,entry_short_2022-02-17 14:55:00,exit_VWAPExitRule_2022-02-17 15:00:00,VWAP Cross Up,False,,2558,2558,0
2022-02-17 15:10:00,2022-02-17 15:10:00,short,48.346872,75.39,75.39,-0.0,0.0,-0.0,entry_short_2022-02-17 15:05:00,exit_VWAPExitRule_2022-02-17 15:10:00,VWAP Cross Up,False,,2560,2560,0
2022-02-17 15:20:00,2022-02-17 15:20:00,short,58.620836,75.46,75.46,-0.0,0.0,-0.0,entry_short_2022-02-17 15:15:00,exit_VWAPExitRule_2022-02-17 15:20:00,VWAP Cross Up,False,,2562,2562,0
2022-02-17 15:30:00,2022-02-17 15:30:00,short,109.675442,75.37,75.37,-0.0,0.0,-0.0,entry_short_2022-02-17 15:25:00,exit_VWAPExitRule_2022-02-17 15:30:00,VWAP Cross Up,False,,2564,2564,0
2022-02-22 10:20:00,2022-02-22 10:50:00,long,62.311438,75.49,75.12,-23.055232059999398,0.0,-23.055232059999398,entry_long_2022-02-22 10:15:00,exit_VWAPExitRule_2022-02-22 10:50:00,VWAP Cross Down,False,,2658,2664,6
2022-02-23 10:50:00,2022-02-23 15:40:00,short,46.819313,73.84,72.82,47.75569926000048,0.0,47.75569926000048,entry_short_2022-02-23 10:45:00,exit_TimeExitRule_2022-02-23 15:40:00,Time threshold reached,False,,2742,2800,58
2022-02-24 10:00:00,2022-02-24 15:40:00,long,33.48108,71.21,74.3401,104.79912850800044,0.0,104.79912850800044,entry_long_2022-02-24 09:55:00,exit_TimeExitRule_2022-02-24 15:40:00,Time threshold reached,False,,2810,2878,68
2022-02-28 10:35:00,2022-02-28 11:50:00,long,55.688972,74.625,74.575,-2.7844485999998416,0.0,-2.7844485999998416,entry_long_2022-02-28 10:30:00,exit_VWAPExitRule_2022-02-28 11:50:00,VWAP Cross Down,False,,2973,2988,15
2022-02-28 12:00:00,2022-02-28 12:05:00,long,43.629341,74.755,74.75,-0.21814670499980157,0.0,-0.21814670499980157,entry_long_2022-02-28 11:55:00,exit_VWAPExitRule_2022-02-28 12:05:00,VWAP Cross Down,False,,2990,2991,1
2022-02-28 13:50:00,2022-02-28 14:05:00,long,61.05207,74.68,74.49,-11.599893300000728,0.0,-11.599893300000728,entry_long_2022-02-28 13:45:00,exit_VWAPExitRule_2022-02-28 14:05:00,VWAP Cross Down,False,,3012,3015,3
2022-03-01 11:00:00,2022-03-01 15:40:00,short,57.535591,75.725,74.42,75.08394625499957,0.0,75.08394625499957,entry_short_2022-03-01 10:55:00,exit_TimeExitRule_2022-03-01 15:40:00,Time threshold reached,False,,3056,3112,56
2022-03-02 10:30:00,2022-03-02 15:40:00,long,24.904571,76.18,77.72,38.3530393399998,0.0,38.3530393399998,entry_long_2022-03-02 10:25:00,exit_TimeExitRule_2022-03-02 15:40:00,Time threshold reached,False,,3128,3190,62
2022-03-03 09:55:00,2022-03-03 13:15:00,short,23.548603,77.22,76.23,23.31311696999988,0.0,23.31311696999988,entry_short_2022-03-03 09:50:00,exit_VWAPExitRule_2022-03-03 13:15:00,VWAP Cross Up,False,,3199,3239,40
2022-03-03 13:25:00,2022-03-03 15:20:00,short,53.782633,76.11,76.13,-1.075652659999786,0.0,-1.075652659999786,entry_short_2022-03-03 13:20:00,exit_VWAPExitRule_2022-03-03 15:20:00,VWAP Cross Up,False,,3241,3264,23
2022-03-03 15:30:00,2022-03-03 15:30:00,short,143.606847,76.32939999999999,76.32939999999999,-0.0,0.0,-0.0,entry_short_2022-03-03 15:25:00,exit_VWAPExitRule_2022-03-03 15:30:00,VWAP Cross Up,False,,3266,3266,0
2022-03-03 15:40:00,2022-03-03 15:40:00,short,70.755222,76.37,76.37,-0.0,0.0,-0.0,entry_short_2022-03-03 15:35:00,exit_TimeExitRule_2022-03-03 15:40:00,Time threshold reached,False,,3268,3268,0
2022-03-04 09:50:00,2022-03-04 09:50:00,long,13.111651,76.22,76.22,0.0,0.0,0.0,entry_long_2022-03-04 09:45:00,exit_VWAPExitRule_2022-03-04 09:50:00,VWAP Cross Down,False,,3276,3276,0
2022-03-04 10:00:00,2022-03-04 10:00:00,long,12.140316,75.44,75.44,0.0,0.0,0.0,entry_long_2022-03-04 09:55:00,exit_VWAPExitRule_2022-03-04 10:00:00,VWAP Cross Down,False,,3278,3278,0
2022-03-04 10:10:00,2022-03-04 10:10:00,long,39.493235,74.64,74.64,0.0,0.0,0.0,entry_long_2022-03-04 10:05:00,exit_VWAPExitRule_2022-03-04 10:10:00,VWAP Cross Down,False,,3280,3280,0
2022-03-04 10:20:00,2022-03-04 10:20:00,long,42.343239,74.3,74.3,0.0,0.0,0.0,entry_long_2022-03-04 10:15:00,exit_VWAPExitRule_2022-03-04 10:20:00,VWAP Cross Down,False,,3282,3282,0
2022-03-04 10:30:00,2022-03-04 10:30:00,long,26.178263,74.51,74.51,0.0,0.0,0.0,entry_long_2022-03-04 10:25:00,exit_VWAPExitRule_2022-03-04 10:30:00,VWAP Cross Down,False,,3284,3284,0
2022-03-04 10:40:00,2022-03-04 10:40:00,long,52.787539,74.4,74.4,0.0,0.0,0.0,entry_long_2022-03-04 10:35:00,exit_VWAPExitRule_2022-03-04 10:40:00,VWAP Cross Down,False,,3286,3286,0
2022-03-07 10:15:00,2022-03-07 15:40:00,short,33.174615,71.46,70.03,47.43969944999976,0.0,47.43969944999976,entry_short_2022-03-07 10:10:00,exit_TimeExitRule_2022-03-07 15:40:00,Time threshold reached,False,,3359,3424,65
2022-03-08 10:35:00,2022-03-08 10:55:00,short,21.890737,67.43,67.99,-12.258812719999739,0.0,-12.258812719999739,entry_short_2022-03-08 10:30:00,exit_VWAPExitRule_2022-03-08 10:55:00,VWAP Cross Up,False,,3441,3445,4
2022-03-08 12:20:00,2022-03-08 14:00:00,long,38.80523,70.22,69.07,-44.626014500000224,0.0,-44.626014500000224,entry_long_2022-03-08 12:15:00,exit_VWAPExitRule_2022-03-08 14:00:00,VWAP Cross Down,False,,3462,3482,20
2022-03-09 10:20:00,2022-03-09 15:40:00,long,45.715963,72.69,73.485,36.34419058500008,0.0,36.34419058500008,entry_long_2022-03-09 10:15:00,exit_TimeExitRule_2022-03-09 15:40:00,Time threshold reached,False,,3516,3580,64
2022-03-10 11:25:00,2022-03-10 12:20:00,short,99.804033,70.21,71.18,-96.80991201000131,0.0,-96.80991201000131,entry_short_2022-03-10 11:20:00,exit_VWAPExitRule_2022-03-10 12:20:00,VWAP Cross Up,False,,3607,3618,11
2022-03-11 11:45:00,2022-03-11 15:40:00,short,71.390904,70.74,70.11,44.97626951999968,0.0,44.97626951999968,entry_short_2022-03-11 11:40:00,exit_TimeExitRule_2022-03-11 15:40:00,Time threshold reached,False,,3689,3736,47
2022-03-16 10:35:00,2022-03-16 11:35:00,long,32.556271,73.7,73.22,-15.627010080000131,0.0,-15.627010080000131,entry_long_2022-03-16 10:30:00,exit_VWAPExitRule_2022-03-16 11:35:00,VWAP Cross Down,False,,3909,3921,12
2022-03-17 10:05:00,2022-03-17 10:15:00,long,31.691717,72.95,72.59,-11.409018119999983,0.0,-11.409018119999983,entry_long_2022-03-17 10:00:00,exit_VWAPExitRule_2022-03-17 10:15:00,VWAP Cross Down,False,,3981,3983,2
2022-03-17 12:25:00,2022-03-17 15:40:00,long,82.79781,72.96,73.41,37.259014500000234,0.0,37.259014500000234,entry_long_2022-03-17 12:20:00,exit_TimeExitRule_2022-03-17 15:40:00,Time threshold reached,False,,4009,4048,39
2022-03-18 09:50:00,2022-03-18 15:40:00,long,21.168051,73.21,74.5,27.30678579000013,0.0,27.30678579000013,entry_long_2022-03-18 09:45:00,exit_TimeExitRule_2022-03-18 15:40:00,Time threshold reached,False,,4056,4126,70
2022-03-21 10:10:00,2022-03-21 10:55:00,short,45.682849,73.32,73.62,-13.704854700000519,0.0,-13.704854700000519,entry_short_2022-03-21 10:05:00,exit_VWAPExitRule_2022-03-21 10:55:00,VWAP Cross Up,False,,4138,4147,9
2022-03-21 13:15:00,2022-03-21 15:40:00,short,66.727909,73.41,73.45,-2.6691163600004173,0.0,-2.6691163600004173,entry_short_2022-03-21 13:10:00,exit_TimeExitRule_2022-03-21 15:40:00,Time threshold reached,False,,4175,4204,29
2022-03-22 10:05:00,2022-03-22 10:30:00,long,48.361985,74.24,73.965,-13.299545874999588,0.0,-13.299545874999588,entry_long_2022-03-22 10:00:00,exit_VWAPExitRule_2022-03-22 10:30:00,VWAP Cross Down,False,,4215,4220,5
2022-03-22 11:20:00,2022-03-22 11:50:00,long,116.258295,74.31,74.09,-25.57682489999987,0.0,-25.57682489999987,entry_long_2022-03-22 11:15:00,exit_VWAPExitRule_2022-03-22 11:50:00,VWAP Cross Down,False,,4230,4236,6
2022-03-22 13:50:00,2022-03-22 15:40:00,long,84.309245,74.285,74.16499999999999,-10.117109400000384,0.0,-10.117109400000384,entry_long_2022-03-22 13:45:00,exit_TimeExitRule_2022-03-22 15:40:00,Time threshold reached,False,,4260,4282,22
2022-03-23 11:45:00,2022-03-23 12:40:00,long,83.707172,73.37,72.85,-43.527729440000854,0.0,-43.527729440000854,entry_long_2022-03-23 11:40:00,exit_VWAPExitRule_2022-03-23 12:40:00,VWAP Cross Down,False,,4313,4324,11
2022-03-24 09:55:00,2022-03-24 10:15:00,long,5.077831,75.56,75.51,-0.25389154999998553,0.0,-0.25389154999998553,entry_long_2022-03-24 09:50:00,exit_VWAPExitRule_2022-03-24 10:15:00,VWAP Cross Down,False,,4369,4373,4
2022-03-24 10:25:00,2022-03-24 15:40:00,long,21.037128,75.57,76.94,28.820865360000095,0.0,28.820865360000095,entry_long_2022-03-24 10:20:00,exit_TimeExitRule_2022-03-24 15:40:00,Time threshold reached,False,,4375,4438,63
2022-03-28 11:50:00,2022-03-28 15:15:00,short,78.332879,76.22,77.4,-92.43279722000054,0.0,-92.43279722000054,entry_short_2022-03-28 11:45:00,exit_VWAPExitRule_2022-03-28 15:15:00,VWAP Cross Up,False,,4548,4589,41
2022-04-01 10:10:00,2022-04-01 15:40:00,short,71.911302,71.96,71.385,41.34899864999919,0.0,41.34899864999919,entry_short_2022-04-01 10:05:00,exit_TimeExitRule_2022-04-01 15:40:00,Time threshold reached,False,,4840,4906,66
2022-04-04 10:40:00,2022-04-04 12:30:00,long,99.335097,75.67,75.8,12.913562609999548,0.0,12.913562609999548,entry_long_2022-04-04 10:35:00,exit_VWAPExitRule_2022-04-04 12:30:00,VWAP Cross Down,False,,4924,4946,22
2022-04-04 14:20:00,2022-04-04 15:40:00,long,88.257901,75.68,76.275,52.5134510949999,0.0,52.5134510949999,entry_long_2022-04-04 14:15:00,exit_TimeExitRule_2022-04-04 15:40:00,Time threshold reached,False,,4968,4984,16
2022-04-07 12:45:00,2022-04-07 15:00:00,short,105.23709,71.25,72.25,-105.23709,0.0,-105.23709,entry_short_2022-04-07 12:40:00,exit_VWAPExitRule_2022-04-07 15:00:00,VWAP Cross Up,False,,5183,5210,27
2022-04-12 14:15:00,2022-04-12 15:40:00,short,101.939408,70.73,70.59,14.271517120000057,0.0,14.271517120000057,entry_short_2022-04-12 14:10:00,exit_TimeExitRule_2022-04-12 15:40:00,Time threshold reached,False,,5434,5451,17
2022-04-13 10:00:00,2022-04-13 10:00:00,short,49.73328,69.08,69.08,-0.0,0.0,-0.0,entry_short_2022-04-13 09:55:00,exit_VWAPExitRule_2022-04-13 10:00:00,VWAP Cross Up,False,,5461,5461,0
2022-04-13 10:10:00,2022-04-13 10:10:00,short,57.935782,68.91,68.91,-0.0,0.0,-0.0,entry_short_2022-04-13 10:05:00,exit_VWAPExitRule_2022-04-13 10:10:00,VWAP Cross Up,False,,5463,5463,0
2022-04-13 12:50:00,2022-04-13 15:40:00,long,94.255845,70.5,70.35,-14.138376750000536,0.0,-14.138376750000536,entry_long_2022-04-13 12:45:00,exit_TimeExitRule_2022-04-13 15:40:00,Time threshold reached,False,,5495,5529,34
2022-04-14 09:50:00,2022-04-14 11:25:00,short,17.743143,70.19,70.15,0.7097257199998588,0.0,0.7097257199998588,entry_short_2022-04-14 09:45:00,exit_VWAPExitRule_2022-04-14 11:25:00,VWAP Cross Up,False,,5537,5556,19
2022-04-14 11:35:00,2022-04-14 15:40:00,short,46.063509,70.03,69.1,42.83906337000032,0.0,42.83906337000032,entry_short_2022-04-14 11:30:00,exit_TimeExitRule_2022-04-14 15:40:00,Time threshold reached,False,,5558,5607,49
2022-04-18 09:50:00,2022-04-18 09:55:00,short,26.195453,68.88,68.82,1.5717271800000596,0.0,1.5717271800000596,entry_short_2022-04-18 09:45:00,exit_VWAPExitRule_2022-04-18 09:55:00,VWAP Cross Up,False,,5615,5616,1
2022-04-18 10:05:00,2022-04-18 11:20:00,long,23.556192,69.37,69.33,-0.9422476800001472,0.0,-0.9422476800001472,entry_long_2022-04-18 10:00:00,exit_VWAPExitRule_2022-04-18 11:20:00,VWAP Cross Down,False,,5618,5633,15
2022-04-18 11:35:00,2022-04-18 11:35:00,long,48.775806,69.22,69.22,0.0,0.0,0.0,entry_long_2022-04-18 11:30:00,exit_VWAPExitRule_2022-04-18 11:35:00,VWAP Cross Down,False,,5636,5636,0
2022-04-18 12:05:00,2022-04-18 13:30:00,short,74.050992,68.95,69.095,-10.737393839999704,0.0,-10.737393839999704,entry_short_2022-04-18 12:00:00,exit_VWAPExitRule_2022-04-18 13:30:00,VWAP Cross Up,False,,5642,5659,17
2022-04-18 13:40:00,2022-04-18 15:40:00,long,75.550083,69.46,69.495,2.644252905000816,0.0,2.644252905000816,entry_long_2022-04-18 13:35:00,exit_TimeExitRule_2022-04-18 15:40:00,Time threshold reached,False,,5661,5685,24
2022-04-19 10:00:00,2022-04-19 14:30:00,long,29.373915,70.23,70.67,12.924522599999934,0.0,12.924522599999934,entry_long_2022-04-19 09:55:00,exit_VWAPExitRule_2022-04-19 14:30:00,VWAP Cross Down,False,,5695,5749,54
2022-04-19 14:40:00,2022-04-19 14:45:00,long,111.05359,70.64,70.64,0.0,0.0,0.0,entry_long_2022-04-19 14:35:00,exit_VWAPExitRule_2022-04-19 14:45:00,VWAP Cross Down,False,,5751,5752,1
2022-04-19 14:55:00,2022-04-19 14:55:00,long,88.931823,70.47,70.47,0.0,0.0,0.0,entry_long_2022-04-19 14:50:00,exit_VWAPExitRule_2022-04-19 14:55:00,VWAP Cross Down,False,,5754,5754,0
2022-04-19 15:05:00,2022-04-19 15:05:00,long,111.659474,70.44,70.44,0.0,0.0,0.0,entry_long_2022-04-19 15:00:00,exit_VWAPExitRule_2022-04-19 15:05:00,VWAP Cross Down,False,,5756,5756,0
2022-04-19 15:15:00,2022-04-19 15:40:00,long,77.406617,70.671,70.69500000000001,1.8577588080000704,0.0,1.8577588080000704,entry_long_2022-04-19 15:10:00,exit_TimeExitRule_2022-04-19 15:40:00,Time threshold reached,False,,5758,5763,5
2022-04-20 09:50:00,2022-04-20 10:10:00,short,16.195868,70.19999999999999,70.14,0.9717520799998067,0.0,0.9717520799998067,entry_short_2022-04-20 09:45:00,exit_VWAPExitRule_2022-04-20 10:10:00,VWAP Cross Up,False,,5771,5775,4
2022-04-20 13:30:00,2022-04-20 14:50:00,long,92.254918,71.1396,70.76,-35.01996687279967,0.0,-35.01996687279967,entry_long_2022-04-20 13:25:00,exit_VWAPExitRule_2022-04-20 14:50:00,VWAP Cross Down,False,,5815,5831,16
2022-04-21 11:05:00,2022-04-21 15:40:00,short,77.805056,71.24,69.98,98.03437055999929,0.0,98.03437055999929,entry_short_2022-04-21 11:00:00,exit_TimeExitRule_2022-04-21 15:40:00,Time threshold reached,False,,5864,5919,55
2022-04-22 09:50:00,2022-04-22 09:50:00,short,4.479192,65.43,65.43,-0.0,0.0,-0.0,entry_short_2022-04-22 09:45:00,exit_VWAPExitRule_2022-04-22 09:50:00,VWAP Cross Up,False,,5927,5927,0
2022-04-22 10:25:00,2022-04-22 10:25:00,short,43.043306,65.74,65.74,-0.0,0.0,-0.0,entry_short_2022-04-22 10:20:00,exit_VWAPExitRule_2022-04-22 10:25:00,VWAP Cross Up,False,,5934,5934,0
2022-04-22 11:55:00,2022-04-22 12:50:00,short,89.893987,65.66,65.81,-13.48409805000051,0.0,-13.48409805000051,entry_short_2022-04-22 11:50:00,exit_VWAPExitRule_2022-04-22 12:50:00,VWAP Cross Up,False,,5952,5963,11
2022-04-22 14:10:00,2022-04-22 15:30:00,short,119.10481,65.75,65.815,-7.741812649999729,0.0,-7.741812649999729,entry_short_2022-04-22 14:05:00,exit_VWAPExitRule_2022-04-22 15:30:00,VWAP Cross Up,False,,5979,5995,16
2022-04-25 14:30:00,2022-04-25 15:40:00,long,48.548114,67.01,68.02,49.033595139999555,0.0,49.033595139999555,entry_long_2022-04-25 14:25:00,exit_TimeExitRule_2022-04-25 15:40:00,Time threshold reached,False,,6061,6075,14
2022-04-28 12:25:00,2022-04-28 15:40:00,long,54.34359,65.6,66.21,33.14958989999997,0.0,33.14958989999997,entry_long_2022-04-28 12:20:00,exit_TimeExitRule_2022-04-28 15:40:00,Time threshold reached,False,,6270,6309,39
2022-05-02 09:50:00,2022-05-02 10:10:00,long,28.522034,66.47,66.91,12.549694959999936,0.0,12.549694959999936,entry_long_2022-05-02 09:45:00,exit_VWAPExitRule_2022-05-02 10:10:00,VWAP Cross Down,False,,6395,6399,4
2022-05-02 10:25:00,2022-05-02 10:35:00,long,23.662268,66.28,66.7,9.938152560000042,0.0,9.938152560000042,entry_long_2022-05-02 10:20:00,exit_VWAPExitRule_2022-05-02 10:35:00,VWAP Cross Down,False,,6402,6404,2
2022-05-03 10:00:00,2022-05-03 14:30:00,long,18.455232,64.05,64.14,1.6609708800000629,0.0,1.6609708800000629,entry_long_2022-05-03 09:55:00,exit_VWAPExitRule_2022-05-03 14:30:00,VWAP Cross Down,False,,6475,6529,54
2022-05-03 14:40:00,2022-05-03 14:40:00,long,89.939258,63.84,63.84,0.0,0.0,0.0,entry_long_2022-05-03 14:35:00,exit_VWAPExitRule_2022-05-03 14:40:00,VWAP Cross Down,False,,6531,6531,0
2022-05-03 14:50:00,2022-05-03 14:50:00,long,115.231043,63.910000000000004,63.91,-8.187658053770974e-13,0.0,-8.187658053770974e-13,entry_long_2022-05-03 14:45:00,exit_VWAPExitRule_2022-05-03 14:50:00,VWAP Cross Down,False,,6533,6533,0
2022-05-03 15:00:00,2022-05-03 15:20:00,long,79.532326,64.13,64.04,-7.157909339999141,0.0,-7.157909339999141,entry_long_2022-05-03 14:55:00,exit_VWAPExitRule_2022-05-03 15:20:00,VWAP Cross Down,False,,6535,6539,4
2022-05-03 15:30:00,2022-05-03 15:40:00,long,54.456596,64.14,64.08,-3.2673957600001238,0.0,-3.2673957600001238,entry_long_2022-05-03 15:25:00,exit_TimeExitRule_2022-05-03 15:40:00,Time threshold reached,False,,6541,6543,2
2022-05-04 10:05:00,2022-05-04 10:20:00,short,78.284202,62.589999999999996,62.71,-9.394104240000356,0.0,-9.394104240000356,entry_short_2022-05-04 10:00:00,exit_VWAPExitRule_2022-05-04 10:20:00,VWAP Cross Up,False,,6554,6557,3
2022-05-04 10:55:00,2022-05-04 11:50:00,short,41.269584,62.67,62.57,4.126958400000059,0.0,4.126958400000059,entry_short_2022-05-04 10:50:00,exit_VWAPExitRule_2022-05-04 11:50:00,VWAP Cross Up,False,,6564,6575,11
2022-05-04 13:55:00,2022-05-04 15:40:00,long,69.751132,64.36,66.01,115.08936780000039,0.0,115.08936780000039,entry_long_2022-05-04 13:50:00,exit_TimeExitRule_2022-05-04 15:40:00,Time threshold reached,False,,6600,6621,21
2022-05-05 10:25:00,2022-05-05 13:00:00,short,41.993514,63.25000000000001,63.32,-2.9395459799997132,0.0,-2.9395459799997132,entry_short_2022-05-05 10:20:00,exit_VWAPExitRule_2022-05-05 13:00:00,VWAP Cross Up,False,,6636,6667,31
2022-05-05 13:35:00,2022-05-05 15:40:00,short,45.877591,63.21999999999999,63.03,8.716742289999571,0.0,8.716742289999571,entry_short_2022-05-05 13:30:00,exit_TimeExitRule_2022-05-05 15:40:00,Time threshold reached,False,,6674,6699,25
2022-05-06 09:55:00,2022-05-06 10:10:00,short,9.57917,60.5,60.75,-2.3947925,0.0,-2.3947925,entry_short_2022-05-06 09:50:00,exit_VWAPExitRule_2022-05-06 10:10:00,VWAP Cross Up,False,,6708,6711,3
2022-05-06 15:10:00,2022-05-06 15:40:00,short,52.865888,60.61,60.9199,-16.383138691199946,0.0,-16.383138691199946,entry_short_2022-05-06 15:05:00,exit_TimeExitRule_2022-05-06 15:40:00,Time threshold reached,False,,6771,6777,6
2022-05-09 11:30:00,2022-05-09 12:10:00,short,41.971109,57.51,58.099999999999994,-24.762954309999845,0.0,-24.762954309999845,entry_short_2022-05-09 11:25:00,exit_VWAPExitRule_2022-05-09 12:10:00,VWAP Cross Up,False,,6805,6813,8
2022-05-09 13:55:00,2022-05-09 15:40:00,short,58.463781,57.45,57.355,5.554059195000349,0.0,5.554059195000349,entry_short_2022-05-09 13:50:00,exit_TimeExitRule_2022-05-09 15:40:00,Time threshold reached,False,,6834,6855,21
2022-05-10 11:05:00,2022-05-10 12:00:00,short,73.952495,57.71000000000001,57.9,-14.050974049999306,0.0,-14.050974049999306,entry_short_2022-05-10 11:00:00,exit_VWAPExitRule_2022-05-10 12:00:00,VWAP Cross Up,False,,6878,6889,11
2022-05-10 14:00:00,2022-05-10 15:40:00,long,84.394005,59.68,58.96,-60.76368359999991,0.0,-60.76368359999991,entry_long_2022-05-10 13:55:00,exit_TimeExitRule_2022-05-10 15:40:00,Time threshold reached,False,,6913,6933,20
2022-05-11 13:40:00,2022-05-11 15:40:00,short,50.917327,57.400000000000006,57.16,12.220158480000464,0.0,12.220158480000464,entry_short_2022-05-11 13:35:00,exit_TimeExitRule_2022-05-11 15:40:00,Time threshold reached,False,,6987,7011,24
2022-05-12 10:10:00,2022-05-12 13:35:00,long,33.336492,57.45,57.97,17.334975839999867,0.0,17.334975839999867,entry_long_2022-05-12 10:05:00,exit_VWAPExitRule_2022-05-12 13:35:00,VWAP Cross Down,False,,7023,7064,41
2022-05-12 13:45:00,2022-05-12 13:45:00,long,72.162796,57.86499999999999,57.864999999999995,5.127475048993801e-13,0.0,5.127475048993801e-13,entry_long_2022-05-12 13:40:00,exit_VWAPExitRule_2022-05-12 13:45:00,VWAP Cross Down,False,,7066,7066,0
2022-05-12 13:55:00,2022-05-12 13:55:00,long,76.419242,57.67000000000001,57.67,-5.429913727539315e-13,0.0,-5.429913727539315e-13,entry_long_2022-05-12 13:50:00,exit_VWAPExitRule_2022-05-12 13:55:00,VWAP Cross Down,False,,7068,7068,0
2022-05-12 14:05:00,2022-05-12 14:05:00,long,82.100624,57.82,57.82,0.0,0.0,0.0,entry_long_2022-05-12 14:00:00,exit_VWAPExitRule_2022-05-12 14:05:00,VWAP Cross Down,False,,7070,7070,0
2022-05-12 14:15:00,2022-05-12 14:15:00,long,64.330341,57.65,57.65,0.0,0.0,0.0,entry_long_2022-05-12 14:10:00,exit_VWAPExitRule_2022-05-12 14:15:00,VWAP Cross Down,False,,7072,7072,0
2022-05-12 14:25:00,2022-05-12 14:25:00,long,59.46789,57.5,57.5,0.0,0.0,0.0,entry_long_2022-05-12 14:20:00,exit_VWAPExitRule_2022-05-12 14:25:00,VWAP Cross Down,False,,7074,7074,0
2022-05-12 14:35:00,2022-05-12 14:35:00,long,61.426074,57.35,57.35,0.0,0.0,0.0,entry_long_2022-05-12 14:30:00,exit_VWAPExitRule_2022-05-12 14:35:00,VWAP Cross Down,False,,7076,7076,0
2022-05-12 14:55:00,2022-05-12 14:55:00,long,74.347733,57.308,57.30800000000001,5.282724160338148e-13,0.0,5.282724160338148e-13,entry_long_2022-05-12 14:50:00,exit_VWAPExitRule_2022-05-12 14:55:00,VWAP Cross Down,False,,7080,7080,0
2022-05-12 15:05:00,2022-05-12 15:05:00,long,84.158159,57.47,57.47,0.0,0.0,0.0,entry_long_2022-05-12 15:00:00,exit_VWAPExitRule_2022-05-12 15:05:00,VWAP Cross Down,False,,7082,7082,0
2022-05-12 15:15:00,2022-05-12 15:15:00,long,64.866925,57.364999999999995,57.364999999999995,0.0,0.0,0.0,entry_long_2022-05-12 15:10:00,exit_VWAPExitRule_2022-05-12 15:15:00,VWAP Cross Down,False,,7084,7084,0
2022-05-12 15:25:00,2022-05-12 15:25:00,long,54.540424,57.7758,57.7758,0.0,0.0,0.0,entry_long_2022-05-12 15:20:00,exit_VWAPExitRule_2022-05-12 15:25:00,VWAP Cross Down,False,,7086,7086,0
2022-05-12 15:35:00,2022-05-12 15:35:00,long,47.046563,57.56,57.56,0.0,0.0,0.0,entry_long_2022-05-12 15:30:00,exit_VWAPExitRule_2022-05-12 15:35:00,VWAP Cross Down,False,,7088,7088,0
2022-05-17 10:45:00,2022-05-17 11:50:00,short,136.260677,59.17,59.58,-55.86687756999953,0.0,-55.86687756999953,entry_short_2022-05-17 10:40:00,exit_VWAPExitRule_2022-05-17 11:50:00,VWAP Cross Up,False,,7264,7277,13
2022-05-17 12:25:00,2022-05-17 14:30:00,long,34.293288,61.230000000000004,60.51,-24.691167360000204,0.0,-24.691167360000204,entry_long_2022-05-17 12:20:00,exit_VWAPExitRule_2022-05-17 14:30:00,VWAP Cross Down,False,,7284,7309,25
2022-05-17 14:50:00,2022-05-17 15:40:00,long,32.672546,61.0,60.82,-5.88105827999999,0.0,-5.88105827999999,entry_long_2022-05-17 14:45:00,exit_TimeExitRule_2022-05-17 15:40:00,Time threshold reached,False,,7313,7323,10
2022-05-18 13:50:00,2022-05-18 15:40:00,short,91.93151,57.93,58.44,-46.885070099999815,0.0,-46.885070099999815,entry_short_2022-05-18 13:45:00,exit_TimeExitRule_2022-05-18 15:40:00,Time threshold reached,False,,7379,7401,22
2022-05-19 11:35:00,2022-05-19 15:20:00,long,42.107007,59.08,58.88,-8.421401399999821,0.0,-8.421401399999821,entry_long_2022-05-19 11:30:00,exit_VWAPExitRule_2022-05-19 15:20:00,VWAP Cross Down,False,,7430,7475,45
2022-05-20 11:15:00,2022-05-20 15:35:00,short,89.519324,58.3,58.07,20.58944451999972,0.0,20.58944451999972,entry_short_2022-05-20 11:10:00,exit_VWAPExitRule_2022-05-20 15:35:00,VWAP Cross Up,False,,7504,7556,52
2022-05-24 10:10:00,2022-05-24 11:45:00,short,90.187908,57.54,57.39,13.52818619999987,0.0,13.52818619999987,entry_short_2022-05-24 10:05:00,exit_VWAPExitRule_2022-05-24 11:45:00,VWAP Cross Up,False,,7647,7666,19
2022-05-24 11:55:00,2022-05-24 12:00:00,short,55.511657,57.44,57.44,-0.0,0.0,-0.0,entry_short_2022-05-24 11:50:00,exit_VWAPExitRule_2022-05-24 12:00:00,VWAP Cross Up,False,,7668,7669,1
2022-05-24 12:30:00,2022-05-24 15:35:00,short,54.222129,57.45,57.1,18.97774515000008,0.0,18.97774515000008,entry_short_2022-05-24 12:25:00,exit_VWAPExitRule_2022-05-24 15:35:00,VWAP Cross Up,False,,7675,7712,37
2022-05-25 10:30:00,2022-05-25 11:30:00,long,62.84993,57.5,57.24,-16.340981799999874,0.0,-16.340981799999874,entry_long_2022-05-25 10:25:00,exit_VWAPExitRule_2022-05-25 11:30:00,VWAP Cross Down,False,,7729,7741,12
2022-05-25 14:55:00,2022-05-25 15:40:00,long,55.762852,57.49,57.51,1.115257039999778,0.0,1.115257039999778,entry_long_2022-05-25 14:50:00,exit_TimeExitRule_2022-05-25 15:40:00,Time threshold reached,False,,7782,7791,9
2022-05-26 09:50:00,2022-05-26 15:40:00,long,24.710711,58.13,58.82,17.050390589999942,0.0,17.050390589999942,entry_long_2022-05-26 09:45:00,exit_TimeExitRule_2022-05-26 15:40:00,Time threshold reached,False,,7799,7869,70
2022-05-27 09:50:00,2022-05-27 09:50:00,long,17.546773,59.78,59.78,0.0,0.0,0.0,entry_long_2022-05-27 09:45:00,exit_VWAPExitRule_2022-05-27 09:50:00,VWAP Cross Down,False,,7877,7877,0
2022-05-27 14:55:00,2022-05-27 15:40:00,long,71.005511,59.87,60.03,11.360881760000263,0.0,11.360881760000263,entry_long_2022-05-27 14:50:00,exit_TimeExitRule_2022-05-27 15:40:00,Time threshold reached,False,,7938,7947,9
2022-05-31 10:35:00,2022-05-31 14:40:00,long,61.9677,61.17,61.09,-4.957415999999895,0.0,-4.957415999999895,entry_long_2022-05-31 10:30:00,exit_VWAPExitRule_2022-05-31 14:40:00,VWAP Cross Down,False,,7964,8013,49
2022-06-01 10:20:00,2022-06-01 14:30:00,short,65.829357,60.83,60.7,8.5578164099997,0.0,8.5578164099997,entry_short_2022-06-01 10:15:00,exit_VWAPExitRule_2022-06-01 14:30:00,VWAP Cross Up,False,,8039,8089,50
2022-06-01 14:40:00,2022-06-01 14:40:00,short,72.010233,60.68999999999999,60.69,-5.116634795854225e-13,0.0,-5.116634795854225e-13,entry_short_2022-06-01 14:35:00,exit_VWAPExitRule_2022-06-01 14:40:00,VWAP Cross Up,False,,8091,8091,0
2022-06-01 14:50:00,2022-06-01 15:20:00,short,119.352857,60.75,60.67,9.548228559999796,0.0,9.548228559999796,entry_short_2022-06-01 14:45:00,exit_VWAPExitRule_2022-06-01 15:20:00,VWAP Cross Up,False,,8093,8099,6
2022-06-01 15:30:00,2022-06-01 15:40:00,short,111.913857,60.65,60.605,5.0361235650001905,0.0,5.0361235650001905,entry_short_2022-06-01 15:25:00,exit_TimeExitRule_2022-06-01 15:40:00,Time threshold reached,False,,8101,8103,2
2022-06-02 09:50:00,2022-06-02 10:20:00,long,39.274667,61.03,60.98,-1.9637333500001675,0.0,-1.9637333500001675,entry_long_2022-06-02 09:45:00,exit_VWAPExitRule_2022-06-02 10:20:00,VWAP Cross Down,False,,8111,8117,6
2022-06-02 10:40:00,2022-06-02 15:40:00,long,47.565262,61.1,61.54,20.928715279999892,0.0,20.928715279999892,entry_long_2022-06-02 10:35:00,exit_TimeExitRule_2022-06-02 15:40:00,Time threshold reached,False,,8121,8181,60
2022-06-03 10:55:00,2022-06-03 14:25:00,short,117.182686,60.45,60.27,21.09288347999997,0.0,21.09288347999997,entry_short_2022-06-03 10:50:00,exit_VWAPExitRule_2022-06-03 14:25:00,VWAP Cross Up,False,,8202,8244,42
2022-06-03 14:35:00,2022-06-03 15:00:00,short,92.990454,60.33,60.31,1.85980907999963,0.0,1.85980907999963,entry_short_2022-06-03 14:30:00,exit_VWAPExitRule_2022-06-03 15:00:00,VWAP Cross Up,False,,8246,8251,5
2022-06-03 15:10:00,2022-06-03 15:40:00,short,104.05429,60.22,60.199999999999996,2.0810858000003254,0.0,2.0810858000003254,entry_short_2022-06-03 15:05:00,exit_TimeExitRule_2022-06-03 15:40:00,Time threshold reached,False,,8253,8259,6
2022-06-07 09:50:00,2022-06-07 15:40:00,long,10.78771,59.12,60.24,12.08223520000005,0.0,12.08223520000005,entry_long_2022-06-07 09:45:00,exit_TimeExitRule_2022-06-07 15:40:00,Time threshold reached,False,,8345,8415,70
2022-06-08 12:45:00,2022-06-08 15:40:00,short,73.969443,59.525,59.46,4.808013794999832,0.0,4.808013794999832,entry_short_2022-06-08 12:40:00,exit_TimeExitRule_2022-06-08 15:40:00,Time threshold reached,False,,8458,8493,35
2022-06-09 10:55:00,2022-06-09 11:40:00,short,137.936124,58.22,58.47,-34.484031,0.0,-34.484031,entry_short_2022-06-09 10:50:00,exit_VWAPExitRule_2022-06-09 11:40:00,VWAP Cross Up,False,,8514,8523,9
2022-06-09 11:50:00,2022-06-09 11:55:00,short,40.680934,58.38,58.59,-8.542996140000035,0.0,-8.542996140000035,entry_short_2022-06-09 11:45:00,exit_VWAPExitRule_2022-06-09 11:55:00,VWAP Cross Up,False,,8525,8526,1
2022-06-09 12:15:00,2022-06-09 15:40:00,short,74.185665,58.32899999999999,57.44,65.95105618499969,0.0,65.95105618499969,entry_short_2022-06-09 12:10:00,exit_TimeExitRule_2022-06-09 15:40:00,Time threshold reached,False,,8530,8571,41
2022-06-10 10:05:00,2022-06-10 11:00:00,short,65.274972,55.575,55.62,-2.937373739999648,0.0,-2.937373739999648,entry_short_2022-06-10 10:00:00,exit_VWAPExitRule_2022-06-10 11:00:00,VWAP Cross Up,False,,8582,8593,11
2022-06-10 11:10:00,2022-06-10 12:40:00,short,55.329571,55.65,55.76,-6.086252809999968,0.0,-6.086252809999968,entry_short_2022-06-10 11:05:00,exit_VWAPExitRule_2022-06-10 12:40:00,VWAP Cross Up,False,,8595,8613,18
2022-06-10 12:50:00,2022-06-10 13:25:00,short,88.524002,55.545,55.599999999999994,-4.868820109999346,0.0,-4.868820109999346,entry_short_2022-06-10 12:45:00,exit_VWAPExitRule_2022-06-10 13:25:00,VWAP Cross Up,False,,8615,8622,7
2022-06-10 13:35:00,2022-06-10 13:45:00,short,91.302594,55.53,55.57,-3.652103759999922,0.0,-3.652103759999922,entry_short_2022-06-10 13:30:00,exit_VWAPExitRule_2022-06-10 13:45:00,VWAP Cross Up,False,,8624,8626,2
2022-06-10 13:55:00,2022-06-10 14:15:00,short,79.540484,55.49999999999999,55.55,-3.9770242000003395,0.0,-3.9770242000003395,entry_short_2022-06-10 13:50:00,exit_VWAPExitRule_2022-06-10 14:15:00,VWAP Cross Up,False,,8628,8632,4
2022-06-10 14:30:00,2022-06-10 14:30:00,short,94.54398,55.59,55.59,-0.0,0.0,-0.0,entry_short_2022-06-10 14:25:00,exit_VWAPExitRule_2022-06-10 14:30:00,VWAP Cross Up,False,,8635,8635,0
2022-06-10 14:40:00,2022-06-10 14:55:00,short,83.429625,55.49000000000001,55.58,-7.5086662499990995,0.0,-7.5086662499990995,entry_short_2022-06-10 14:35:00,exit_VWAPExitRule_2022-06-10 14:55:00,VWAP Cross Up,False,,8637,8640,3
2022-06-10 15:05:00,2022-06-10 15:40:00,short,104.453424,55.5,55.42,8.356273919999822,0.0,8.356273919999822,entry_short_2022-06-10 15:00:00,exit_TimeExitRule_2022-06-10 15:40:00,Time threshold reached,False,,8642,8649,7
2022-06-13 11:00:00,2022-06-13 12:30:00,short,147.169814,52.400000000000006,52.74,-50.037736759999454,0.0,-50.037736759999454,entry_short_2022-06-13 10:55:00,exit_VWAPExitRule_2022-06-13 12:30:00,VWAP Cross Up,False,,8671,8689,18
2022-06-13 15:00:00,2022-06-13 15:40:00,short,78.300336,52.45,52.08,28.971124320000357,0.0,28.971124320000357,entry_short_2022-06-13 14:55:00,exit_TimeExitRule_2022-06-13 15:40:00,Time threshold reached,False,,8719,8727,8
2022-06-14 10:00:00,2022-06-14 10:25:00,long,26.078081,52.73,52.36,-9.648889969999933,0.0,-9.648889969999933,entry_long_2022-06-14 09:55:00,exit_VWAPExitRule_2022-06-14 10:25:00,VWAP Cross Down,False,,8737,8742,5
2022-06-15 10:15:00,2022-06-15 14:00:00,long,77.060745,52.74,53.04,23.11822349999978,0.0,23.11822349999978,entry_long_2022-06-15 10:10:00,exit_VWAPExitRule_2022-06-15 14:00:00,VWAP Cross Down,False,,8818,8863,45
2022-06-15 14:15:00,2022-06-15 14:20:00,long,58.017946,52.71,52.875,9.57296108999995,0.0,9.57296108999995,entry_long_2022-06-15 14:10:00,exit_VWAPExitRule_2022-06-15 14:20:00,VWAP Cross Down,False,,8866,8867,1
2022-06-15 14:40:00,2022-06-15 15:40:00,long,23.730465,53.15999999999999,53.56,9.492186000000302,0.0,9.492186000000302,entry_long_2022-06-15 14:35:00,exit_TimeExitRule_2022-06-15 15:40:00,Time threshold reached,False,,8871,8883,12
2022-06-16 10:45:00,2022-06-16 15:40:00,short,64.542573,51.29,51.28,0.6454257299998717,0.0,0.6454257299998717,entry_short_2022-06-16 10:40:00,exit_TimeExitRule_2022-06-16 15:40:00,Time threshold reached,False,,8902,8961,59
2022-06-17 12:30:00,2022-06-17 15:40:00,long,72.952508,52.685,53.235,40.12387939999979,0.0,40.12387939999979,entry_long_2022-06-17 12:25:00,exit_TimeExitRule_2022-06-17 15:40:00,Time threshold reached,False,,9001,9039,38
2022-06-23 11:00:00,2022-06-23 13:00:00,long,151.795671,53.55,53.2,-53.12848484999914,0.0,-53.12848484999914,entry_long_2022-06-23 10:55:00,exit_VWAPExitRule_2022-06-23 13:00:00,VWAP Cross Down,False,,9217,9241,24
2022-06-23 15:30:00,2022-06-23 15:40:00,long,209.385555,53.64000000000001,53.85,43.97096654999869,0.0,43.97096654999869,entry_long_2022-06-23 15:25:00,exit_TimeExitRule_2022-06-23 15:40:00,Time threshold reached,False,,9271,9273,2
2022-06-24 09:55:00,2022-06-24 11:20:00,long,13.586593,56.01,55.98,-0.40759779000001545,0.0,-0.40759779000001545,entry_long_2022-06-24 09:50:00,exit_VWAPExitRule_2022-06-24 11:20:00,VWAP Cross Down,False,,9282,9299,17
2022-06-24 11:30:00,2022-06-24 11:45:00,long,91.015314,55.93,55.92,-0.910153139999819,0.0,-0.910153139999819,entry_long_2022-06-24 11:25:00,exit_VWAPExitRule_2022-06-24 11:45:00,VWAP Cross Down,False,,9301,9304,3
2022-06-24 14:15:00,2022-06-24 14:20:00,long,139.220494,55.91,55.8935,-2.297138150999098,0.0,-2.297138150999098,entry_long_2022-06-24 14:10:00,exit_VWAPExitRule_2022-06-24 14:20:00,VWAP Cross Down,False,,9334,9335,1
2022-06-24 14:50:00,2022-06-24 14:50:00,long,195.365564,55.9,55.9,0.0,0.0,0.0,entry_long_2022-06-24 14:45:00,exit_VWAPExitRule_2022-06-24 14:50:00,VWAP Cross Down,False,,9341,9341,0
2022-06-24 15:30:00,2022-06-24 15:30:00,long,144.668571,55.91,55.91,0.0,0.0,0.0,entry_long_2022-06-24 15:25:00,exit_VWAPExitRule_2022-06-24 15:30:00,VWAP Cross Down,False,,9349,9349,0
2022-06-24 15:40:00,2022-06-24 15:40:00,long,105.39097,55.94,55.94,0.0,0.0,0.0,entry_long_2022-06-24 15:35:00,exit_TimeExitRule_2022-06-24 15:40:00,Time threshold reached,False,,9351,9351,0
2022-06-27 10:10:00,2022-06-27 10:50:00,short,48.637318,55.02,55.24,-10.700209959999945,0.0,-10.700209959999945,entry_short_2022-06-27 10:05:00,exit_VWAPExitRule_2022-06-27 10:50:00,VWAP Cross Up,False,,9363,9371,8
2022-06-27 12:05:00,2022-06-27 14:15:00,short,79.199557,55.00000000000001,55.17229999999999,-13.646083671098866,0.0,-13.646083671098866,entry_short_2022-06-27 12:00:00,exit_VWAPExitRule_2022-06-27 14:15:00,VWAP Cross Up,False,,9386,9412,26
2022-06-27 15:05:00,2022-06-27 15:40:00,short,244.266559,55.0078,54.900000000000006,26.331935060199378,0.0,26.331935060199378,entry_short_2022-06-27 15:00:00,exit_TimeExitRule_2022-06-27 15:40:00,Time threshold reached,False,,9422,9429,7
2022-06-28 10:55:00,2022-06-28 15:40:00,short,101.104238,54.42000000000001,53.46,97.0600684800008,0.0,97.0600684800008,entry_short_2022-06-28 10:50:00,exit_TimeExitRule_2022-06-28 15:40:00,Time threshold reached,False,,9450,9507,57
2022-06-30 10:10:00,2022-06-30 10:50:00,short,110.547522,51.46000000000001,51.68,-24.32045483999909,0.0,-24.32045483999909,entry_short_2022-06-30 10:05:00,exit_VWAPExitRule_2022-06-30 10:50:00,VWAP Cross Up,False,,9597,9605,8
2022-07-05 10:15:00,2022-07-05 11:20:00,long,69.732121,50.23,50.36,9.06517573000018,0.0,9.06517573000018,entry_long_2022-07-05 10:10:00,exit_VWAPExitRule_2022-07-05 11:20:00,VWAP Cross Down,False,,9754,9767,13
2022-07-05 11:30:00,2022-07-05 11:35:00,long,158.249894,50.175,50.245,11.077492580000046,0.0,11.077492580000046,entry_long_2022-07-05 11:25:00,exit_VWAPExitRule_2022-07-05 11:35:00,VWAP Cross Down,False,,9769,9770,1
2022-07-05 11:45:00,2022-07-05 12:45:00,long,64.897914,50.45,50.33,-7.787749680000295,0.0,-7.787749680000295,entry_long_2022-07-05 11:40:00,exit_VWAPExitRule_2022-07-05 12:45:00,VWAP Cross Down,False,,9772,9784,12
2022-07-05 12:55:00,2022-07-05 12:55:00,long,137.382243,50.26520000000001,50.26520000000001,0.0,0.0,0.0,entry_long_2022-07-05 12:50:00,exit_VWAPExitRule_2022-07-05 12:55:00,VWAP Cross Down,False,,9786,9786,0
2022-07-05 13:05:00,2022-07-05 15:40:00,long,117.420216,50.34,51.07,85.71675767999963,0.0,85.71675767999963,entry_long_2022-07-05 13:00:00,exit_TimeExitRule_2022-07-05 15:40:00,Time threshold reached,False,,9788,9819,31
2022-07-06 10:10:00,2022-07-06 10:10:00,long,45.216268,52.18,52.18,0.0,0.0,0.0,entry_long_2022-07-06 10:05:00,exit_VWAPExitRule_2022-07-06 10:10:00,VWAP Cross Down,False,,9831,9831,0
2022-07-06 10:45:00,2022-07-06 11:05:00,long,102.615498,52.19,52.07,-12.313859759999739,0.0,-12.313859759999739,entry_long_2022-07-06 10:40:00,exit_VWAPExitRule_2022-07-06 11:05:00,VWAP Cross Down,False,,9838,9842,4
2022-07-06 14:20:00,2022-07-06 15:10:00,short,80.956985,51.495000000000005,51.84,-27.930159824999908,0.0,-27.930159824999908,entry_short_2022-07-06 14:15:00,exit_VWAPExitRule_2022-07-06 15:10:00,VWAP Cross Up,False,,9880,9890,10
2022-07-07 09:50:00,2022-07-07 15:40:00,long,36.597322,52.53,53.595000000000006,38.976147930000174,0.0,38.976147930000174,entry_long_2022-07-07 09:45:00,exit_TimeExitRule_2022-07-07 15:40:00,Time threshold reached,False,,9904,9974,70
2022-07-08 10:20:00,2022-07-08 12:25:00,long,82.853726,54.0,54.06,4.971223560000188,0.0,4.971223560000188,entry_long_2022-07-08 10:15:00,exit_VWAPExitRule_2022-07-08 12:25:00,VWAP Cross Down,False,,9988,10013,25
2022-07-08 13:50:00,2022-07-08 15:40:00,long,188.297,53.96,54.14,33.89345999999995,0.0,33.89345999999995,entry_long_2022-07-08 13:45:00,exit_TimeExitRule_2022-07-08 15:40:00,Time threshold reached,False,,10029,10051,22
2022-07-11 09:50:00,2022-07-11 10:40:00,short,45.897342,53.5,53.62,-5.507681039999883,0.0,-5.507681039999883,entry_short_2022-07-11 09:45:00,exit_VWAPExitRule_2022-07-11 10:40:00,VWAP Cross Up,False,,10059,10069,10
2022-07-11 10:50:00,2022-07-11 13:05:00,short,96.759552,53.51,53.51,-0.0,0.0,-0.0,entry_short_2022-07-11 10:45:00,exit_VWAPExitRule_2022-07-11 13:05:00,VWAP Cross Up,False,,10071,10098,27
2022-07-11 14:25:00,2022-07-11 15:40:00,short,302.947375,53.56,53.26,90.8842125000013,0.0,90.8842125000013,entry_short_2022-07-11 14:20:00,exit_TimeExitRule_2022-07-11 15:40:00,Time threshold reached,False,,10114,10129,15
2022-07-12 15:40:00,2022-07-12 15:40:00,short,893.139339,52.92999999999999,52.93,-6.346136693480275e-12,0.0,-6.346136693480275e-12,entry_short_2022-07-12 15:35:00,exit_TimeExitRule_2022-07-12 15:40:00,Time threshold reached,False,,10207,10207,0
2022-07-13 10:50:00,2022-07-13 15:40:00,long,73.684413,52.36,52.535000000000004,12.894772275000316,0.0,12.894772275000316,entry_long_2022-07-13 10:45:00,exit_TimeExitRule_2022-07-13 15:40:00,Time threshold reached,False,,10227,10284,57
2022-07-14 10:10:00,2022-07-14 11:00:00,short,36.081307,51.13,51.49,-12.98927051999998,0.0,-12.98927051999998,entry_short_2022-07-14 10:05:00,exit_VWAPExitRule_2022-07-14 11:00:00,VWAP Cross Up,False,,10296,10306,10
2022-07-14 14:40:00,2022-07-14 15:40:00,long,146.95615,52.53,52.48,-7.347807500000627,0.0,-7.347807500000627,entry_long_2022-07-14 14:35:00,exit_TimeExitRule_2022-07-14 15:40:00,Time threshold reached,False,,10350,10362,12
2022-07-15 09:50:00,2022-07-15 10:25:00,short,26.673321,52.52,52.72,-5.334664199999887,0.0,-5.334664199999887,entry_short_2022-07-15 09:45:00,exit_VWAPExitRule_2022-07-15 10:25:00,VWAP Cross Up,False,,10370,10377,7
2022-07-15 10:35:00,2022-07-15 11:05:00,short,92.831567,52.59,52.62,-2.784947009999446,0.0,-2.784947009999446,entry_short_2022-07-15 10:30:00,exit_VWAPExitRule_2022-07-15 11:05:00,VWAP Cross Up,False,,10379,10385,6
2022-07-15 11:15:00,2022-07-15 11:15:00,short,133.290688,52.68,52.68,-0.0,0.0,-0.0,entry_short_2022-07-15 11:10:00,exit_VWAPExitRule_2022-07-15 11:15:00,VWAP Cross Up,False,,10387,10387,0
2022-07-18 12:35:00,2022-07-18 13:30:00,long,332.974001,54.8075,54.44,-122.3679453674999,0.0,-122.3679453674999,entry_long_2022-07-18 12:30:00,exit_VWAPExitRule_2022-07-18 13:30:00,VWAP Cross Down,False,,10481,10492,11
2022-07-18 13:50:00,2022-07-18 15:40:00,short,122.792615,53.8,53.5,36.83778449999965,0.0,36.83778449999965,entry_short_2022-07-18 13:45:00,exit_TimeExitRule_2022-07-18 15:40:00,Time threshold reached,False,,10496,10518,22
2022-07-19 10:25:00,2022-07-19 15:40:00,long,51.4925,55.12,56.01,45.82832500000003,0.0,45.82832500000003,entry_long_2022-07-19 10:20:00,exit_TimeExitRule_2022-07-19 15:40:00,Time threshold reached,False,,10533,10596,63
2022-07-20 10:50:00,2022-07-20 13:55:00,long,209.161442,56.32999999999999,56.31,-4.183228839997682,0.0,-4.183228839997682,entry_long_2022-07-20 10:45:00,exit_VWAPExitRule_2022-07-20 13:55:00,VWAP Cross Down,False,,10616,10653,37
2022-07-20 14:40:00,2022-07-20 14:50:00,long,172.676528,56.38,56.4,3.453530559999313,0.0,3.453530559999313,entry_long_2022-07-20 14:35:00,exit_VWAPExitRule_2022-07-20 14:50:00,VWAP Cross Down,False,,10662,10664,2
2022-07-20 15:00:00,2022-07-20 15:40:00,long,158.186042,56.370000000000005,56.52,23.727906299999773,0.0,23.727906299999773,entry_long_2022-07-20 14:55:00,exit_TimeExitRule_2022-07-20 15:40:00,Time threshold reached,False,,10666,10674,8
2022-07-21 12:45:00,2022-07-21 13:30:00,long,241.624337,56.99999999999999,56.92,-19.32994695999787,0.0,-19.32994695999787,entry_long_2022-07-21 12:40:00,exit_VWAPExitRule_2022-07-21 13:30:00,VWAP Cross Down,False,,10717,10726,9
2022-07-21 15:10:00,2022-07-21 15:40:00,long,210.477953,57.11,57.09,-4.209559059999163,0.0,-4.209559059999163,entry_long_2022-07-21 15:05:00,exit_TimeExitRule_2022-07-21 15:40:00,Time threshold reached,False,,10746,10752,6
2022-07-22 11:10:00,2022-07-22 15:40:00,short,82.995364,55.220000000000006,54.63,48.96726476000028,0.0,48.96726476000028,entry_short_2022-07-22 11:05:00,exit_TimeExitRule_2022-07-22 15:40:00,Time threshold reached,False,,10776,10830,54
2022-07-25 10:25:00,2022-07-25 11:30:00,short,74.878425,53.49,53.83,-25.45866449999972,0.0,-25.45866449999972,entry_short_2022-07-25 10:20:00,exit_VWAPExitRule_2022-07-25 11:30:00,VWAP Cross Up,False,,10845,10858,13
2022-07-25 13:50:00,2022-07-25 15:40:00,short,191.01976,53.64,53.17,89.77928719999977,0.0,89.77928719999977,entry_short_2022-07-25 13:45:00,exit_TimeExitRule_2022-07-25 15:40:00,Time threshold reached,False,,10886,10908,22
2022-07-26 09:50:00,2022-07-26 09:50:00,long,10.09664,53.95,53.95,0.0,0.0,0.0,entry_long_2022-07-26 09:45:00,exit_VWAPExitRule_2022-07-26 09:50:00,VWAP Cross Down,False,,10916,10916,0
2022-07-26 10:00:00,2022-07-26 10:00:00,long,20.132915,54.10000000000001,54.1,-1.4305296502925558e-13,0.0,-1.4305296502925558e-13,entry_long_2022-07-26 09:55:00,exit_VWAPExitRule_2022-07-26 10:00:00,VWAP Cross Down,False,,10918,10918,0
2022-07-26 10:10:00,2022-07-26 10:10:00,long,130.660401,54.11,54.11,0.0,0.0,0.0,entry_long_2022-07-26 10:05:00,exit_VWAPExitRule_2022-07-26 10:10:00,VWAP Cross Down,False,,10920,10920,0
2022-07-26 10:20:00,2022-07-26 11:35:00,long,145.178077,54.421800000000005,54.900000000000006,69.42415642140016,0.0,69.42415642140016,entry_long_2022-07-26 10:15:00,exit_VWAPExitRule_2022-07-26 11:35:00,VWAP Cross Down,False,,10922,10937,15
2022-07-26 11:45:00,2022-07-26 11:45:00,long,49.405605,54.495000000000005,54.495000000000005,0.0,0.0,0.0,entry_long_2022-07-26 11:40:00,exit_VWAPExitRule_2022-07-26 11:45:00,VWAP Cross Down,False,,10939,10939,0
2022-07-26 11:55:00,2022-07-26 11:55:00,long,70.474844,54.30499999999999,54.30499999999999,0.0,0.0,0.0,entry_long_2022-07-26 11:50:00,exit_VWAPExitRule_2022-07-26 11:55:00,VWAP Cross Down,False,,10941,10941,0
2022-07-26 12:05:00,2022-07-26 12:05:00,long,88.970589,54.48,54.48,0.0,0.0,0.0,entry_long_2022-07-26 12:00:00,exit_VWAPExitRule_2022-07-26 12:05:00,VWAP Cross Down,False,,10943,10943,0
2022-07-26 12:15:00,2022-07-26 12:15:00,long,102.926057,54.515,54.515,0.0,0.0,0.0,entry_long_2022-07-26 12:10:00,exit_VWAPExitRule_2022-07-26 12:15:00,VWAP Cross Down,False,,10945,10945,0
2022-07-26 12:25:00,2022-07-26 13:25:00,long,133.797055,54.59,54.55,-5.351882200000837,0.0,-5.351882200000837,entry_long_2022-07-26 12:20:00,exit_VWAPExitRule_2022-07-26 13:25:00,VWAP Cross Down,False,,10947,10959,12
2022-07-26 13:35:00,2022-07-26 13:35:00,long,302.128263,54.50000000000001,54.5,-2.1467504254246706e-12,0.0,-2.1467504254246706e-12,entry_long_2022-07-26 13:30:00,exit_VWAPExitRule_2022-07-26 13:35:00,VWAP Cross Down,False,,10961,10961,0
2022-07-26 13:45:00,2022-07-26 13:45:00,long,194.59458,54.545,54.545,0.0,0.0,0.0,entry_long_2022-07-26 13:40:00,exit_VWAPExitRule_2022-07-26 13:45:00,VWAP Cross Down,False,,10963,10963,0
2022-07-26 13:55:00,2022-07-26 13:55:00,long,223.669838,54.49999999999999,54.5,1.5892697859953841e-12,0.0,1.5892697859953841e-12,entry_long_2022-07-26 13:50:00,exit_VWAPExitRule_2022-07-26 13:55:00,VWAP Cross Down,False,,10965,10965,0
2022-07-26 14:05:00,2022-07-26 15:40:00,long,82.378451,54.86,54.95,7.414060590000281,0.0,7.414060590000281,entry_long_2022-07-26 14:00:00,exit_TimeExitRule_2022-07-26 15:40:00,Time threshold reached,False,,10967,10986,19
2022-07-27 09:50:00,2022-07-27 11:05:00,long,12.796305,53.56,53.55,-0.12796305000006547,0.0,-0.12796305000006547,entry_long_2022-07-27 09:45:00,exit_VWAPExitRule_2022-07-27 11:05:00,VWAP Cross Down,False,,10994,11009,15
2022-07-27 11:15:00,2022-07-27 12:05:00,long,120.146755,53.586,53.59,0.48058702000058734,0.0,0.48058702000058734,entry_long_2022-07-27 11:10:00,exit_VWAPExitRule_2022-07-27 12:05:00,VWAP Cross Down,False,,11011,11021,10
2022-07-27 12:15:00,2022-07-27 12:35:00,long,235.451989,53.5,53.62,28.254238679999396,0.0,28.254238679999396,entry_long_2022-07-27 12:10:00,exit_VWAPExitRule_2022-07-27 12:35:00,VWAP Cross Down,False,,11023,11027,4
2022-07-27 12:45:00,2022-07-27 12:45:00,long,123.494952,53.33,53.33,0.0,0.0,0.0,entry_long_2022-07-27 12:40:00,exit_VWAPExitRule_2022-07-27 12:45:00,VWAP Cross Down,False,,11029,11029,0
2022-07-27 12:55:00,2022-07-27 12:55:00,long,150.237308,53.35,53.35,0.0,0.0,0.0,entry_long_2022-07-27 12:50:00,exit_VWAPExitRule_2022-07-27 12:55:00,VWAP Cross Down,False,,11031,11031,0
2022-07-27 14:30:00,2022-07-27 14:30:00,long,91.077774,53.24999999999999,53.25,6.471465070490013e-13,0.0,6.471465070490013e-13,entry_long_2022-07-27 14:25:00,exit_VWAPExitRule_2022-07-27 14:30:00,VWAP Cross Down,False,,11050,11050,0
2022-07-27 14:40:00,2022-07-27 15:40:00,long,45.066361,53.720000000000006,54.55,37.405079629999605,0.0,37.405079629999605,entry_long_2022-07-27 14:35:00,exit_TimeExitRule_2022-07-27 15:40:00,Time threshold reached,False,,11052,11064,12
2022-07-28 10:15:00,2022-07-28 11:15:00,short,77.008795,54.400000000000006,54.587700000000005,-14.454550821499966,0.0,-14.454550821499966,entry_short_2022-07-28 10:10:00,exit_VWAPExitRule_2022-07-28 11:15:00,VWAP Cross Up,False,,11077,11089,12
2022-07-29 14:10:00,2022-07-29 15:40:00,long,237.125041,56.67,57.11,104.33501803999947,0.0,104.33501803999947,entry_long_2022-07-29 14:05:00,exit_TimeExitRule_2022-07-29 15:40:00,Time threshold reached,False,,11202,11220,18
2022-08-01 09:55:00,2022-08-01 13:55:00,long,34.143982,56.404999999999994,56.775,12.633273340000155,0.0,12.633273340000155,entry_long_2022-08-01 09:50:00,exit_VWAPExitRule_2022-08-01 13:55:00,VWAP Cross Down,False,,11229,11277,48
2022-08-01 14:05:00,2022-08-01 14:05:00,long,275.065453,56.58,56.58,0.0,0.0,0.0,entry_long_2022-08-01 14:00:00,exit_VWAPExitRule_2022-08-01 14:05:00,VWAP Cross Down,False,,11279,11279,0
2022-08-01 14:15:00,2022-08-01 14:15:00,long,190.804371,56.68,56.68,0.0,0.0,0.0,entry_long_2022-08-01 14:10:00,exit_VWAPExitRule_2022-08-01 14:15:00,VWAP Cross Down,False,,11281,11281,0
2022-08-01 14:25:00,2022-08-01 14:25:00,long,293.290726,56.72,56.72,0.0,0.0,0.0,entry_long_2022-08-01 14:20:00,exit_VWAPExitRule_2022-08-01 14:25:00,VWAP Cross Down,False,,11283,11283,0
2022-08-01 14:35:00,2022-08-01 14:35:00,long,194.407424,56.76,56.76,0.0,0.0,0.0,entry_long_2022-08-01 14:30:00,exit_VWAPExitRule_2022-08-01 14:35:00,VWAP Cross Down,False,,11285,11285,0
2022-08-01 14:45:00,2022-08-01 14:45:00,long,156.521292,56.629999999999995,56.63,1.1121506702238547e-12,0.0,1.1121506702238547e-12,entry_long_2022-08-01 14:40:00,exit_VWAPExitRule_2022-08-01 14:45:00,VWAP Cross Down,False,,11287,11287,0
2022-08-01 14:55:00,2022-08-01 15:20:00,long,151.29939,56.699999999999996,56.76,9.077963400000343,0.0,9.077963400000343,entry_long_2022-08-01 14:50:00,exit_VWAPExitRule_2022-08-01 15:20:00,VWAP Cross Down,False,,11289,11294,5
2022-08-01 15:30:00,2022-08-01 15:35:00,long,206.010487,56.65,56.735,17.510891395000176,0.0,17.510891395000176,entry_long_2022-08-01 15:25:00,exit_VWAPExitRule_2022-08-01 15:35:00,VWAP Cross Down,False,,11296,11297,1
2022-08-02 09:50:00,2022-08-02 10:05:00,long,33.899599,56.09,56.07,-0.6779919800001061,0.0,-0.6779919800001061,entry_long_2022-08-02 09:45:00,exit_VWAPExitRule_2022-08-02 10:05:00,VWAP Cross Down,False,,11306,11309,3
2022-08-02 10:15:00,2022-08-02 10:35:00,long,88.913009,56.14,56.16,1.7782601799996463,0.0,1.7782601799996463,entry_long_2022-08-02 10:10:00,exit_VWAPExitRule_2022-08-02 10:35:00,VWAP Cross Down,False,,11311,11315,4
2022-08-02 10:45:00,2022-08-02 13:30:00,long,103.185136,56.150000000000006,56.08,-7.222959520000763,0.0,-7.222959520000763,entry_long_2022-08-02 10:40:00,exit_VWAPExitRule_2022-08-02 13:30:00,VWAP Cross Down,False,,11317,11350,33
2022-08-02 13:55:00,2022-08-02 13:55:00,long,105.289771,55.949999999999996,55.95,7.481288193389446e-13,0.0,7.481288193389446e-13,entry_long_2022-08-02 13:50:00,exit_VWAPExitRule_2022-08-02 13:55:00,VWAP Cross Down,False,,11355,11355,0
2022-08-02 14:05:00,2022-08-02 15:40:00,long,291.470991,56.01,56.364999999999995,103.4722018049991,0.0,103.4722018049991,entry_long_2022-08-02 14:00:00,exit_TimeExitRule_2022-08-02 15:40:00,Time threshold reached,False,,11357,11376,19
2022-08-03 09:50:00,2022-08-03 15:40:00,long,46.272687,57.03000000000001,58.62,73.5735723299995,0.0,73.5735723299995,entry_long_2022-08-03 09:45:00,exit_TimeExitRule_2022-08-03 15:40:00,Time threshold reached,False,,11384,11454,70
2022-08-05 10:25:00,2022-08-05 11:00:00,long,737.600149,58.260000000000005,57.81,-331.9200670500021,0.0,-331.9200670500021,entry_long_2022-08-05 10:20:00,exit_VWAPExitRule_2022-08-05 11:00:00,VWAP Cross Down,False,,11547,11554,7
2022-08-08 09:50:00,2022-08-08 10:45:00,long,60.274611,58.42,58.44,1.2054922199997602,0.0,1.2054922199997602,entry_long_2022-08-08 09:45:00,exit_VWAPExitRule_2022-08-08 10:45:00,VWAP Cross Down,False,,11618,11629,11
2022-08-08 10:55:00,2022-08-08 10:55:00,long,59.152049,58.03,58.03,0.0,0.0,0.0,entry_long_2022-08-08 10:50:00,exit_VWAPExitRule_2022-08-08 10:55:00,VWAP Cross Down,False,,11631,11631,0
2022-08-08 11:05:00,2022-08-08 11:05:00,long,61.835685,58.04,58.04,0.0,0.0,0.0,entry_long_2022-08-08 11:00:00,exit_VWAPExitRule_2022-08-08 11:05:00,VWAP Cross Down,False,,11633,11633,0
2022-08-08 11:15:00,2022-08-08 11:15:00,long,126.658048,58.2,58.2,0.0,0.0,0.0,entry_long_2022-08-08 11:10:00,exit_VWAPExitRule_2022-08-08 11:15:00,VWAP Cross Down,False,,11635,11635,0
2022-08-08 11:25:00,2022-08-08 11:35:00,long,271.040771,58.23,58.17,-16.26244625999869,0.0,-16.26244625999869,entry_long_2022-08-08 11:20:00,exit_VWAPExitRule_2022-08-08 11:35:00,VWAP Cross Down,False,,11637,11639,2
2022-08-08 11:55:00,2022-08-08 11:55:00,long,56.815183,58.13,58.13,0.0,0.0,0.0,entry_long_2022-08-08 11:50:00,exit_VWAPExitRule_2022-08-08 11:55:00,VWAP Cross Down,False,,11643,11643,0
2022-08-08 12:05:00,2022-08-08 12:05:00,long,95.653157,58.220000000000006,58.22,-6.796565585887037e-13,0.0,-6.796565585887037e-13,entry_long_2022-08-08 12:00:00,exit_VWAPExitRule_2022-08-08 12:05:00,VWAP Cross Down,False,,11645,11645,0
2022-08-09 09:55:00,2022-08-09 15:40:00,short,21.023557,56.13000000000001,55.330799999999996,16.802026754400277,0.0,16.802026754400277,entry_short_2022-08-09 09:50:00,exit_TimeExitRule_2022-08-09 15:40:00,Time threshold reached,False,,11697,11766,69
2022-08-10 13:25:00,2022-08-10 15:40:00,long,283.19626,58.07999999999999,57.83,-70.79906499999798,0.0,-70.79906499999798,entry_long_2022-08-10 13:20:00,exit_TimeExitRule_2022-08-10 15:40:00,Time threshold reached,False,,11817,11844,27
2022-08-11 15:15:00,2022-08-11 15:40:00,short,166.101574,58.06,58.05,1.6610157400008498,0.0,1.6610157400008498,entry_short_2022-08-11 15:10:00,exit_TimeExitRule_2022-08-11 15:40:00,Time threshold reached,False,,11916,11921,5
2022-08-17 10:55:00,2022-08-17 13:25:00,short,58.399158,56.37,56.57,-11.679831600000165,0.0,-11.679831600000165,entry_short_2022-08-17 10:50:00,exit_VWAPExitRule_2022-08-17 13:25:00,VWAP Cross Up,False,,12175,12205,30
2022-08-19 10:00:00,2022-08-19 15:40:00,short,112.414252,55.14,54.5655,64.58198777400005,0.0,64.58198777400005,entry_short_2022-08-19 09:55:00,exit_TimeExitRule_2022-08-19 15:40:00,Time threshold reached,False,,12320,12387,67
2022-08-22 11:00:00,2022-08-22 15:40:00,short,92.875425,52.89,52.599999999999994,26.933873250000584,0.0,26.933873250000584,entry_short_2022-08-22 10:55:00,exit_TimeExitRule_2022-08-22 15:40:00,Time threshold reached,False,,12409,12465,56
2022-08-23 09:50:00,2022-08-23 12:20:00,long,28.387211,52.58,52.56,-0.5677442199998871,0.0,-0.5677442199998871,entry_long_2022-08-23 09:45:00,exit_VWAPExitRule_2022-08-23 12:20:00,VWAP Cross Down,False,,12473,12503,30
2022-08-23 12:30:00,2022-08-23 14:50:00,long,146.261226,52.56,52.58,2.925224519999418,0.0,2.925224519999418,entry_long_2022-08-23 12:25:00,exit_VWAPExitRule_2022-08-23 14:50:00,VWAP Cross Down,False,,12505,12533,28
2022-08-23 15:00:00,2022-08-23 15:40:00,long,180.279301,52.57000000000001,52.599999999999994,5.4083790299976435,0.0,5.4083790299976435,entry_long_2022-08-23 14:55:00,exit_TimeExitRule_2022-08-23 15:40:00,Time threshold reached,False,,12535,12543,8
2022-08-24 10:20:00,2022-08-24 12:25:00,long,122.161093,52.81,52.864999999999995,6.718860114999097,0.0,6.718860114999097,entry_long_2022-08-24 10:15:00,exit_VWAPExitRule_2022-08-24 12:25:00,VWAP Cross Down,False,,12557,12582,25
2022-08-24 15:15:00,2022-08-24 15:15:00,long,234.251387,52.76,52.76,0.0,0.0,0.0,entry_long_2022-08-24 15:10:00,exit_VWAPExitRule_2022-08-24 15:15:00,VWAP Cross Down,False,,12616,12616,0
2022-08-24 15:25:00,2022-08-24 15:25:00,long,253.886365,52.77,52.77,0.0,0.0,0.0,entry_long_2022-08-24 15:20:00,exit_VWAPExitRule_2022-08-24 15:25:00,VWAP Cross Down,False,,12618,12618,0
2022-08-24 15:40:00,2022-08-24 15:40:00,long,198.168722,52.77,52.77,0.0,0.0,0.0,entry_long_2022-08-24 15:35:00,exit_TimeExitRule_2022-08-24 15:40:00,Time threshold reached,False,,12621,12621,0
2022-08-25 10:05:00,2022-08-25 11:15:00,long,127.766389,53.37,53.29,-10.221311119999783,0.0,-10.221311119999783,entry_long_2022-08-25 10:00:00,exit_VWAPExitRule_2022-08-25 11:15:00,VWAP Cross Down,False,,12632,12646,14
2022-08-25 11:30:00,2022-08-25 11:30:00,long,184.88495,53.27,53.27,0.0,0.0,0.0,entry_long_2022-08-25 11:25:00,exit_VWAPExitRule_2022-08-25 11:30:00,VWAP Cross Down,False,,12649,12649,0
2022-08-25 11:50:00,2022-08-25 11:50:00,long,167.862224,53.285000000000004,53.285000000000004,0.0,0.0,0.0,entry_long_2022-08-25 11:45:00,exit_VWAPExitRule_2022-08-25 11:50:00,VWAP Cross Down,False,,12653,12653,0
2022-08-25 13:50:00,2022-08-25 15:40:00,long,409.820838,53.34,53.71,151.63371005999895,0.0,151.63371005999895,entry_long_2022-08-25 13:45:00,exit_TimeExitRule_2022-08-25 15:40:00,Time threshold reached,False,,12677,12699,22
2022-08-26 09:50:00,2022-08-26 15:40:00,short,50.764246,52.754999999999995,50.875,95.43678247999976,0.0,95.43678247999976,entry_short_2022-08-26 09:45:00,exit_TimeExitRule_2022-08-26 15:40:00,Time threshold reached,False,,12707,12777,70
2022-08-30 10:45:00,2022-08-30 12:05:00,short,113.945447,50.4,50.81,-46.71763327000042,0.0,-46.71763327000042,entry_short_2022-08-30 10:40:00,exit_VWAPExitRule_2022-08-30 12:05:00,VWAP Cross Up,False,,12874,12890,16
2022-09-01 14:55:00,2022-09-01 15:40:00,long,211.966875,49.62,49.44,-38.15403749999994,0.0,-38.15403749999994,entry_long_2022-09-01 14:50:00,exit_TimeExitRule_2022-09-01 15:40:00,Time threshold reached,False,,13080,13089,9
2022-09-02 13:05:00,2022-09-02 15:40:00,short,145.31861,48.96,48.63,47.95514129999975,0.0,47.95514129999975,entry_short_2022-09-02 13:00:00,exit_TimeExitRule_2022-09-02 15:40:00,Time threshold reached,False,,13136,13167,31
2022-09-06 09:55:00,2022-09-06 11:05:00,short,92.363559,48.42,48.29,12.007262670000236,0.0,12.007262670000236,entry_short_2022-09-06 09:50:00,exit_VWAPExitRule_2022-09-06 11:05:00,VWAP Cross Up,False,,13176,13190,14
2022-09-06 11:15:00,2022-09-06 12:00:00,short,111.876874,48.27,48.17,11.18768740000016,0.0,11.18768740000016,entry_short_2022-09-06 11:10:00,exit_VWAPExitRule_2022-09-06 12:00:00,VWAP Cross Up,False,,13192,13201,9
2022-09-06 12:10:00,2022-09-06 15:40:00,short,91.896811,48.094899999999996,47.599999999999994,45.47973176390011,0.0,45.47973176390011,entry_short_2022-09-06 12:05:00,exit_TimeExitRule_2022-09-06 15:40:00,Time threshold reached,False,,13203,13245,42
2022-09-07 09:50:00,2022-09-07 09:55:00,long,87.210852,48.04,47.92,-10.465302239999778,0.0,-10.465302239999778,entry_long_2022-09-07 09:45:00,exit_VWAPExitRule_2022-09-07 09:55:00,VWAP Cross Down,False,,13253,13254,1
2022-09-07 10:05:00,2022-09-07 10:05:00,long,107.538524,47.945,47.945,0.0,0.0,0.0,entry_long_2022-09-07 10:00:00,exit_VWAPExitRule_2022-09-07 10:05:00,VWAP Cross Down,False,,13256,13256,0
2022-09-07 10:20:00,2022-09-07 10:20:00,long,156.149032,47.800000000000004,47.800000000000004,0.0,0.0,0.0,entry_long_2022-09-07 10:15:00,exit_VWAPExitRule_2022-09-07 10:20:00,VWAP Cross Down,False,,13259,13259,0
2022-09-07 10:30:00,2022-09-07 10:35:00,long,108.634992,47.89000000000001,47.86,-3.259049760000895,0.0,-3.259049760000895,entry_long_2022-09-07 10:25:00,exit_VWAPExitRule_2022-09-07 10:35:00,VWAP Cross Down,False,,13261,13262,1
2022-09-07 10:45:00,2022-09-07 10:45:00,long,115.988967,47.85,47.85,0.0,0.0,0.0,entry_long_2022-09-07 10:40:00,exit_VWAPExitRule_2022-09-07 10:45:00,VWAP Cross Down,False,,13264,13264,0
2022-09-07 10:55:00,2022-09-07 11:35:00,long,195.344816,47.9,47.95,9.767240800000833,0.0,9.767240800000833,entry_long_2022-09-07 10:50:00,exit_VWAPExitRule_2022-09-07 11:35:00,VWAP Cross Down,False,,13266,13274,8
2022-09-07 11:45:00,2022-09-07 11:55:00,long,153.494912,47.87,47.96,13.814542080000523,0.0,13.814542080000523,entry_long_2022-09-07 11:40:00,exit_VWAPExitRule_2022-09-07 11:55:00,VWAP Cross Down,False,,13276,13278,2
2022-09-07 12:05:00,2022-09-07 12:05:00,long,188.543913,47.885000000000005,47.885000000000005,0.0,0.0,0.0,entry_long_2022-09-07 12:00:00,exit_VWAPExitRule_2022-09-07 12:05:00,VWAP Cross Down,False,,13280,13280,0
2022-09-07 12:15:00,2022-09-07 12:15:00,long,410.852067,47.82000000000001,47.82,-2.9192795167887196e-12,0.0,-2.9192795167887196e-12,entry_long_2022-09-07 12:10:00,exit_VWAPExitRule_2022-09-07 12:15:00,VWAP Cross Down,False,,13282,13282,0
2022-09-07 12:30:00,2022-09-07 12:30:00,long,227.708483,47.78,47.78,0.0,0.0,0.0,entry_long_2022-09-07 12:25:00,exit_VWAPExitRule_2022-09-07 12:30:00,VWAP Cross Down,False,,13285,13285,0
2022-09-07 12:40:00,2022-09-07 12:40:00,long,187.722166,47.9,47.9,0.0,0.0,0.0,entry_long_2022-09-07 12:35:00,exit_VWAPExitRule_2022-09-07 12:40:00,VWAP Cross Down,False,,13287,13287,0
2022-09-07 12:50:00,2022-09-07 12:50:00,long,258.455331,47.88,47.88,0.0,0.0,0.0,entry_long_2022-09-07 12:45:00,exit_VWAPExitRule_2022-09-07 12:50:00,VWAP Cross Down,False,,13289,13289,0
2022-09-07 13:00:00,2022-09-07 15:40:00,long,233.853438,47.8701,48.53,154.3198837362001,0.0,154.3198837362001,entry_long_2022-09-07 12:55:00,exit_TimeExitRule_2022-09-07 15:40:00,Time threshold reached,False,,13291,13323,32
2022-09-08 09:50:00,2022-09-08 15:40:00,long,15.924821,47.08,48.075,15.845196895000072,0.0,15.845196895000072,entry_long_2022-09-08 09:45:00,exit_TimeExitRule_2022-09-08 15:40:00,Time threshold reached,False,,13331,13401,70
2022-09-09 09:50:00,2022-09-09 15:40:00,long,14.928057,50.18,50.53,5.224819950000022,0.0,5.224819950000022,entry_long_2022-09-09 09:45:00,exit_TimeExitRule_2022-09-09 15:40:00,Time threshold reached,False,,13409,13479,70
2022-09-12 10:35:00,2022-09-12 11:05:00,long,108.132195,52.87,52.56,-33.52098044999948,0.0,-33.52098044999948,entry_long_2022-09-12 10:30:00,exit_VWAPExitRule_2022-09-12 11:05:00,VWAP Cross Down,False,,13496,13502,6
2022-09-13 15:10:00,2022-09-13 15:40:00,short,226.55137,49.964999999999996,49.72,55.505085649999415,0.0,55.505085649999415,entry_short_2022-09-13 15:05:00,exit_TimeExitRule_2022-09-13 15:40:00,Time threshold reached,False,,13629,13635,6
2022-09-20 12:10:00,2022-09-20 13:15:00,long,219.5881,48.33,48.04,-63.680548999999814,0.0,-63.680548999999814,entry_long_2022-09-20 12:05:00,exit_VWAPExitRule_2022-09-20 13:15:00,VWAP Cross Down,False,,13983,13996,13
2022-09-21 09:50:00,2022-09-21 13:00:00,long,73.103136,47.8801,47.82,-4.39349847359989,0.0,-4.39349847359989,entry_long_2022-09-21 09:45:00,exit_VWAPExitRule_2022-09-21 13:00:00,VWAP Cross Down,False,,14033,14071,38
2022-09-21 13:45:00,2022-09-21 14:00:00,long,713.273695,47.84,47.9,42.79642169999655,0.0,42.79642169999655,entry_long_2022-09-21 13:40:00,exit_VWAPExitRule_2022-09-21 14:00:00,VWAP Cross Down,False,,14080,14083,3
2022-09-21 14:10:00,2022-09-21 14:40:00,short,51.327364,47.230000000000004,47.68,-23.09731379999978,0.0,-23.09731379999978,entry_short_2022-09-21 14:05:00,exit_VWAPExitRule_2022-09-21 14:40:00,VWAP Cross Up,False,,14085,14091,6
2022-09-21 14:50:00,2022-09-21 15:20:00,long,68.685458,48.0199,47.76,-17.851350534200122,0.0,-17.851350534200122,entry_long_2022-09-21 14:45:00,exit_VWAPExitRule_2022-09-21 15:20:00,VWAP Cross Down,False,,14093,14099,6
2022-09-21 15:35:00,2022-09-21 15:40:00,short,184.311545,47.355,47.16,35.94075127500005,0.0,35.94075127500005,entry_short_2022-09-21 15:30:00,exit_TimeExitRule_2022-09-21 15:40:00,Time threshold reached,False,,14102,14103,1
2022-09-22 09:50:00,2022-09-22 10:10:00,short,101.415458,46.34,46.43,-9.127391219999625,0.0,-9.127391219999625,entry_short_2022-09-22 09:45:00,exit_VWAPExitRule_2022-09-22 10:10:00,VWAP Cross Up,False,,14111,14115,4
2022-09-22 10:20:00,2022-09-22 10:25:00,short,96.134442,46.45,46.52,-6.729410940000028,0.0,-6.729410940000028,entry_short_2022-09-22 10:15:00,exit_VWAPExitRule_2022-09-22 10:25:00,VWAP Cross Up,False,,14117,14118,1
2022-09-22 10:35:00,2022-09-22 12:55:00,short,90.997389,46.49,46.41,7.279791120000492,0.0,7.279791120000492,entry_short_2022-09-22 10:30:00,exit_VWAPExitRule_2022-09-22 12:55:00,VWAP Cross Up,False,,14120,14148,28
2022-09-22 13:05:00,2022-09-22 13:05:00,short,309.37468,46.435,46.435,-0.0,0.0,-0.0,entry_short_2022-09-22 13:00:00,exit_VWAPExitRule_2022-09-22 13:05:00,VWAP Cross Up,False,,14150,14150,0
2022-09-22 13:15:00,2022-09-22 13:25:00,short,173.331454,46.2943,46.39,-16.587820147800137,0.0,-16.587820147800137,entry_short_2022-09-22 13:10:00,exit_VWAPExitRule_2022-09-22 13:25:00,VWAP Cross Up,False,,14152,14154,2
2022-09-22 13:35:00,2022-09-22 13:35:00,short,182.440883,46.5,46.5,-0.0,0.0,-0.0,entry_short_2022-09-22 13:30:00,exit_VWAPExitRule_2022-09-22 13:35:00,VWAP Cross Up,False,,14156,14156,0
2022-09-22 13:45:00,2022-09-22 13:45:00,short,362.929221,46.52,46.52,-0.0,0.0,-0.0,entry_short_2022-09-22 13:40:00,exit_VWAPExitRule_2022-09-22 13:45:00,VWAP Cross Up,False,,14158,14158,0
2022-09-22 14:15:00,2022-09-22 14:15:00,short,138.06222,46.5,46.5,-0.0,0.0,-0.0,entry_short_2022-09-22 14:10:00,exit_VWAPExitRule_2022-09-22 14:15:00,VWAP Cross Up,False,,14164,14164,0
2022-09-22 14:25:00,2022-09-22 14:25:00,short,230.817405,46.48,46.48,-0.0,0.0,-0.0,entry_short_2022-09-22 14:20:00,exit_VWAPExitRule_2022-09-22 14:25:00,VWAP Cross Up,False,,14166,14166,0
2022-09-22 14:35:00,2022-09-22 14:35:00,short,265.703277,46.41,46.41,-0.0,0.0,-0.0,entry_short_2022-09-22 14:30:00,exit_VWAPExitRule_2022-09-22 14:35:00,VWAP Cross Up,False,,14168,14168,0
2022-09-22 14:45:00,2022-09-22 14:45:00,short,206.2416,46.52,46.52,-0.0,0.0,-0.0,entry_short_2022-09-22 14:40:00,exit_VWAPExitRule_2022-09-22 14:45:00,VWAP Cross Up,False,,14170,14170,0
2022-09-22 14:55:00,2022-09-22 14:55:00,short,144.032588,46.59,46.59,-0.0,0.0,-0.0,entry_short_2022-09-22 14:50:00,exit_VWAPExitRule_2022-09-22 14:55:00,VWAP Cross Up,False,,14172,14172,0
2022-09-22 15:35:00,2022-09-22 15:40:00,long,148.698616,46.96,46.89,-10.40890312000004,0.0,-10.40890312000004,entry_long_2022-09-22 15:30:00,exit_TimeExitRule_2022-09-22 15:40:00,Time threshold reached,False,,14180,14181,1
2022-09-23 10:50:00,2022-09-23 13:40:00,long,161.702619,45.81,45.81,0.0,0.0,0.0,entry_long_2022-09-23 10:45:00,exit_VWAPExitRule_2022-09-23 13:40:00,VWAP Cross Down,False,,14201,14235,34
2022-09-23 14:20:00,2022-09-23 15:05:00,short,257.406694,45.424499999999995,45.695,-69.62851072700143,0.0,-69.62851072700143,entry_short_2022-09-23 14:15:00,exit_VWAPExitRule_2022-09-23 15:05:00,VWAP Cross Up,False,,14243,14252,9
2022-09-23 15:15:00,2022-09-23 15:40:00,long,89.91277,45.93,46.05,10.78953239999977,0.0,10.78953239999977,entry_long_2022-09-23 15:10:00,exit_TimeExitRule_2022-09-23 15:40:00,Time threshold reached,False,,14254,14259,5
2022-09-26 09:50:00,2022-09-26 10:30:00,long,27.586322,45.56,45.43,-3.5862218600000704,0.0,-3.5862218600000704,entry_long_2022-09-26 09:45:00,exit_VWAPExitRule_2022-09-26 10:30:00,VWAP Cross Down,False,,14267,14275,8
2022-09-26 10:40:00,2022-09-26 10:40:00,long,98.978053,45.41,45.41,0.0,0.0,0.0,entry_long_2022-09-26 10:35:00,exit_VWAPExitRule_2022-09-26 10:40:00,VWAP Cross Down,False,,14277,14277,0
2022-09-26 10:50:00,2022-09-26 10:50:00,long,129.211077,45.18,45.18,0.0,0.0,0.0,entry_long_2022-09-26 10:45:00,exit_VWAPExitRule_2022-09-26 10:50:00,VWAP Cross Down,False,,14279,14279,0
2022-09-26 11:00:00,2022-09-26 11:00:00,long,145.633179,45.15,45.15,0.0,0.0,0.0,entry_long_2022-09-26 10:55:00,exit_VWAPExitRule_2022-09-26 11:00:00,VWAP Cross Down,False,,14281,14281,0
2022-09-26 11:10:00,2022-09-26 11:10:00,long,112.950319,44.98,44.98,0.0,0.0,0.0,entry_long_2022-09-26 11:05:00,exit_VWAPExitRule_2022-09-26 11:10:00,VWAP Cross Down,False,,14283,14283,0
2022-09-26 11:20:00,2022-09-26 11:20:00,long,110.491604,44.99999999999999,45.0,7.850900658468163e-13,0.0,7.850900658468163e-13,entry_long_2022-09-26 11:15:00,exit_VWAPExitRule_2022-09-26 11:20:00,VWAP Cross Down,False,,14285,14285,0
2022-09-26 11:45:00,2022-09-26 15:40:00,short,176.522616,44.785000000000004,44.76,4.4130654000010034,0.0,4.4130654000010034,entry_short_2022-09-26 11:40:00,exit_TimeExitRule_2022-09-26 15:40:00,Time threshold reached,False,,14290,14337,47
2022-09-27 09:50:00,2022-09-27 09:50:00,long,17.785185,45.9,45.9,0.0,0.0,0.0,entry_long_2022-09-27 09:45:00,exit_VWAPExitRule_2022-09-27 09:50:00,VWAP Cross Down,False,,14345,14345,0
2022-09-27 10:00:00,2022-09-27 10:00:00,long,107.395112,45.93999999999999,45.94,7.630881668774236e-13,0.0,7.630881668774236e-13,entry_long_2022-09-27 09:55:00,exit_VWAPExitRule_2022-09-27 10:00:00,VWAP Cross Down,False,,14347,14347,0
2022-09-27 10:10:00,2022-09-27 11:15:00,long,69.171777,45.78,46.07,20.059815329999942,0.0,20.059815329999942,entry_long_2022-09-27 10:05:00,exit_VWAPExitRule_2022-09-27 11:15:00,VWAP Cross Down,False,,14349,14362,13
2022-09-27 11:25:00,2022-09-27 11:25:00,long,121.385175,45.9,45.9,0.0,0.0,0.0,entry_long_2022-09-27 11:20:00,exit_VWAPExitRule_2022-09-27 11:25:00,VWAP Cross Down,False,,14364,14364,0
2022-09-27 11:35:00,2022-09-27 11:35:00,long,233.761594,45.75000000000001,45.75,-1.6609760251640182e-12,0.0,-1.6609760251640182e-12,entry_long_2022-09-27 11:30:00,exit_VWAPExitRule_2022-09-27 11:35:00,VWAP Cross Down,False,,14366,14366,0
2022-09-27 11:45:00,2022-09-27 11:45:00,long,158.355186,45.86,45.86,0.0,0.0,0.0,entry_long_2022-09-27 11:40:00,exit_VWAPExitRule_2022-09-27 11:45:00,VWAP Cross Down,False,,14368,14368,0
2022-09-27 11:55:00,2022-09-27 11:55:00,long,288.186989,45.77,45.77,0.0,0.0,0.0,entry_long_2022-09-27 11:50:00,exit_VWAPExitRule_2022-09-27 11:55:00,VWAP Cross Down,False,,14370,14370,0
2022-09-27 12:05:00,2022-09-27 12:05:00,long,285.888806,45.714999999999996,45.714999999999996,0.0,0.0,0.0,entry_long_2022-09-27 12:00:00,exit_VWAPExitRule_2022-09-27 12:05:00,VWAP Cross Down,False,,14372,14372,0
2022-09-27 12:15:00,2022-09-27 12:15:00,long,617.238686,45.69,45.69,0.0,0.0,0.0,entry_long_2022-09-27 12:10:00,exit_VWAPExitRule_2022-09-27 12:15:00,VWAP Cross Down,False,,14374,14374,0
2022-09-27 12:30:00,2022-09-27 12:30:00,long,143.614005,45.69,45.69,0.0,0.0,0.0,entry_long_2022-09-27 12:25:00,exit_VWAPExitRule_2022-09-27 12:30:00,VWAP Cross Down,False,,14377,14377,0
2022-09-27 12:40:00,2022-09-27 12:40:00,long,138.993848,45.76,45.76,0.0,0.0,0.0,entry_long_2022-09-27 12:35:00,exit_VWAPExitRule_2022-09-27 12:40:00,VWAP Cross Down,False,,14379,14379,0
2022-09-27 12:50:00,2022-09-27 12:50:00,long,337.931745,45.85,45.85,0.0,0.0,0.0,entry_long_2022-09-27 12:45:00,exit_VWAPExitRule_2022-09-27 12:50:00,VWAP Cross Down,False,,14381,14381,0
2022-09-27 13:00:00,2022-09-27 13:00:00,long,227.187082,45.84,45.84,0.0,0.0,0.0,entry_long_2022-09-27 12:55:00,exit_VWAPExitRule_2022-09-27 13:00:00,VWAP Cross Down,False,,14383,14383,0
2022-09-27 13:10:00,2022-09-27 13:10:00,long,106.624038,45.76,45.76,0.0,0.0,0.0,entry_long_2022-09-27 13:05:00,exit_VWAPExitRule_2022-09-27 13:10:00,VWAP Cross Down,False,,14385,14385,0
2022-09-27 13:20:00,2022-09-27 13:20:00,long,117.973346,45.83,45.83,0.0,0.0,0.0,entry_long_2022-09-27 13:15:00,exit_VWAPExitRule_2022-09-27 13:20:00,VWAP Cross Down,False,,14387,14387,0
2022-09-27 13:30:00,2022-09-27 13:35:00,long,722.221246,45.88999999999999,46.0,79.44433706000471,0.0,79.44433706000471,entry_long_2022-09-27 13:25:00,exit_VWAPExitRule_2022-09-27 13:35:00,VWAP Cross Down,False,,14389,14390,1
2022-09-27 13:45:00,2022-09-27 13:45:00,long,144.801765,45.85,45.85,0.0,0.0,0.0,entry_long_2022-09-27 13:40:00,exit_VWAPExitRule_2022-09-27 13:45:00,VWAP Cross Down,False,,14392,14392,0
2022-09-27 13:55:00,2022-09-27 13:55:00,long,142.256955,45.89,45.89,0.0,0.0,0.0,entry_long_2022-09-27 13:50:00,exit_VWAPExitRule_2022-09-27 13:55:00,VWAP Cross Down,False,,14394,14394,0
2022-09-27 14:05:00,2022-09-27 14:05:00,long,188.844141,45.91,45.91,0.0,0.0,0.0,entry_long_2022-09-27 14:00:00,exit_VWAPExitRule_2022-09-27 14:05:00,VWAP Cross Down,False,,14396,14396,0
2022-09-27 14:15:00,2022-09-27 14:15:00,long,180.472537,45.78999999999999,45.79,1.282334501695459e-12,0.0,1.282334501695459e-12,entry_long_2022-09-27 14:10:00,exit_VWAPExitRule_2022-09-27 14:15:00,VWAP Cross Down,False,,14398,14398,0
2022-09-27 14:25:00,2022-09-27 14:25:00,long,174.760579,45.77,45.77,0.0,0.0,0.0,entry_long_2022-09-27 14:20:00,exit_VWAPExitRule_2022-09-27 14:25:00,VWAP Cross Down,False,,14400,14400,0
2022-09-27 14:35:00,2022-09-27 15:00:00,long,170.317137,45.82,45.99,28.95391329000029,0.0,28.95391329000029,entry_long_2022-09-27 14:30:00,exit_VWAPExitRule_2022-09-27 15:00:00,VWAP Cross Down,False,,14402,14407,5
2022-09-27 15:10:00,2022-09-27 15:10:00,long,222.717314,45.88000000000001,45.88,-1.5825016959070125e-12,0.0,-1.5825016959070125e-12,entry_long_2022-09-27 15:05:00,exit_VWAPExitRule_2022-09-27 15:10:00,VWAP Cross Down,False,,14409,14409,0
2022-09-27 15:20:00,2022-09-27 15:20:00,long,347.918257,45.86,45.86,0.0,0.0,0.0,entry_long_2022-09-27 15:15:00,exit_VWAPExitRule_2022-09-27 15:20:00,VWAP Cross Down,False,,14411,14411,0
2022-09-27 15:30:00,2022-09-27 15:30:00,long,204.14473,45.69,45.69,0.0,0.0,0.0,entry_long_2022-09-27 15:25:00,exit_VWAPExitRule_2022-09-27 15:30:00,VWAP Cross Down,False,,14413,14413,0
2022-09-27 15:40:00,2022-09-27 15:40:00,long,172.51053,45.72,45.72,0.0,0.0,0.0,entry_long_2022-09-27 15:35:00,exit_TimeExitRule_2022-09-27 15:40:00,Time threshold reached,False,,14415,14415,0
2022-09-28 10:30:00,2022-09-28 15:40:00,long,101.787584,46.905,47.42,52.42060576000006,0.0,52.42060576000006,entry_long_2022-09-28 10:25:00,exit_TimeExitRule_2022-09-28 15:40:00,Time threshold reached,False,,14431,14493,62
2022-09-30 09:55:00,2022-09-30 11:40:00,long,83.788456,46.58,46.68,8.378845600000119,0.0,8.378845600000119,entry_long_2022-09-30 09:50:00,exit_VWAPExitRule_2022-09-30 11:40:00,VWAP Cross Down,False,,14580,14601,21
2022-09-30 11:50:00,2022-09-30 11:50:00,long,180.756601,46.58,46.58,0.0,0.0,0.0,entry_long_2022-09-30 11:45:00,exit_VWAPExitRule_2022-09-30 11:50:00,VWAP Cross Down,False,,14603,14603,0
2022-10-03 14:35:00,2022-10-03 15:40:00,long,209.005582,45.855000000000004,45.8,-11.495307010001426,0.0,-11.495307010001426,entry_long_2022-10-03 14:30:00,exit_TimeExitRule_2022-10-03 15:40:00,Time threshold reached,False,,14714,14727,13
2022-10-04 11:30:00,2022-10-04 13:05:00,long,174.758769,48.46,47.9946,-81.33273109260044,0.0,-81.33273109260044,entry_long_2022-10-04 11:25:00,exit_VWAPExitRule_2022-10-04 13:05:00,VWAP Cross Down,False,,14755,14774,19
2022-10-05 14:20:00,2022-10-05 15:40:00,long,246.560206,47.900000000000006,48.099999999999994,49.312041199997196,0.0,49.312041199997196,entry_long_2022-10-05 14:15:00,exit_TimeExitRule_2022-10-05 15:40:00,Time threshold reached,False,,14867,14883,16
2022-10-06 12:05:00,2022-10-06 13:20:00,short,86.954756,46.79,47.24,-39.129640200000246,0.0,-39.129640200000246,entry_short_2022-10-06 12:00:00,exit_VWAPExitRule_2022-10-06 13:20:00,VWAP Cross Up,False,,14918,14933,15
2022-10-07 12:40:00,2022-10-07 15:40:00,short,186.322147,43.915,43.87,8.384496615000318,0.0,8.384496615000318,entry_short_2022-10-07 12:35:00,exit_TimeExitRule_2022-10-07 15:40:00,Time threshold reached,False,,15003,15039,36
2022-10-13 09:55:00,2022-10-13 15:40:00,long,17.817879,42.81,44.77,34.923042840000015,0.0,34.923042840000015,entry_long_2022-10-13 09:50:00,exit_TimeExitRule_2022-10-13 15:40:00,Time threshold reached,False,,15282,15351,69
2022-10-14 10:15:00,2022-10-14 15:40:00,short,297.002137,44.46,44.175,84.6456090450011,0.0,84.6456090450011,entry_short_2022-10-14 10:10:00,exit_TimeExitRule_2022-10-14 15:40:00,Time threshold reached,False,,15364,15429,65
2022-10-18 10:35:00,2022-10-18 15:40:00,short,157.932157,45.78,44.95,131.08369030999972,0.0,131.08369030999972,entry_short_2022-10-18 10:30:00,exit_TimeExitRule_2022-10-18 15:40:00,Time threshold reached,False,,15524,15585,61
2022-10-19 12:30:00,2022-10-19 15:40:00,short,371.48045,43.33,43.21,44.57765399999905,0.0,44.57765399999905,entry_short_2022-10-19 12:25:00,exit_TimeExitRule_2022-10-19 15:40:00,Time threshold reached,False,,15625,15663,38
2022-10-20 10:10:00,2022-10-20 11:20:00,long,183.67411,44.41,44.33,-14.693928799999687,0.0,-14.693928799999687,entry_long_2022-10-20 10:05:00,exit_VWAPExitRule_2022-10-20 11:20:00,VWAP Cross Down,False,,15675,15689,14
2022-10-20 11:30:00,2022-10-20 11:30:00,long,167.734022,44.32,44.32,0.0,0.0,0.0,entry_long_2022-10-20 11:25:00,exit_VWAPExitRule_2022-10-20 11:30:00,VWAP Cross Down,False,,15691,15691,0
2022-10-21 10:00:00,2022-10-21 10:25:00,long,365.147962,44.33,44.24,-32.86331657999865,0.0,-32.86331657999865,entry_long_2022-10-21 09:55:00,exit_VWAPExitRule_2022-10-21 10:25:00,VWAP Cross Down,False,,15751,15756,5
2022-10-21 10:35:00,2022-10-21 10:35:00,long,73.832842,44.08,44.08,0.0,0.0,0.0,entry_long_2022-10-21 10:30:00,exit_VWAPExitRule_2022-10-21 10:35:00,VWAP Cross Down,False,,15758,15758,0
2022-10-21 10:45:00,2022-10-21 10:55:00,long,74.428969,44.09,44.36,20.0958216299997,0.0,20.0958216299997,entry_long_2022-10-21 10:40:00,exit_VWAPExitRule_2022-10-21 10:55:00,VWAP Cross Down,False,,15760,15762,2
2022-10-21 11:10:00,2022-10-21 15:40:00,long,89.064358,44.16,44.625,41.4149264700003,0.0,41.4149264700003,entry_long_2022-10-21 11:05:00,exit_TimeExitRule_2022-10-21 15:40:00,Time threshold reached,False,,15765,15819,54
2022-10-25 10:05:00,2022-10-25 14:40:00,long,85.328238,50.81,50.765,-3.8397707100001455,0.0,-3.8397707100001455,entry_long_2022-10-25 10:00:00,exit_VWAPExitRule_2022-10-25 14:40:00,VWAP Cross Down,False,,15908,15963,55
2022-10-26 11:20:00,2022-10-26 12:55:00,long,103.19244,51.57,51.12,-46.436598000000295,0.0,-46.436598000000295,entry_long_2022-10-26 11:15:00,exit_VWAPExitRule_2022-10-26 12:55:00,VWAP Cross Down,False,,16001,16020,19
2022-10-28 13:10:00,2022-10-28 15:40:00,long,308.280376,51.36,51.07,-89.40130903999973,0.0,-89.40130903999973,entry_long_2022-10-28 13:05:00,exit_TimeExitRule_2022-10-28 15:40:00,Time threshold reached,False,,16179,16209,30
2022-11-02 14:05:00,2022-11-02 14:35:00,long,48.304792,51.05499999999999,51.09,1.6906677200005216,0.0,1.6906677200005216,entry_long_2022-11-02 14:00:00,exit_VWAPExitRule_2022-11-02 14:35:00,VWAP Cross Down,False,,16424,16430,6
2022-11-02 14:55:00,2022-11-02 15:40:00,short,37.39742,49.92,49.67,9.349355,0.0,9.349355,entry_short_2022-11-02 14:50:00,exit_TimeExitRule_2022-11-02 15:40:00,Time threshold reached,False,,16434,16443,9
2022-11-03 12:50:00,2022-11-03 15:40:00,long,156.041688,48.65,48.51,-21.84583632000009,0.0,-21.84583632000009,entry_long_2022-11-03 12:45:00,exit_TimeExitRule_2022-11-03 15:40:00,Time threshold reached,False,,16487,16521,34
2022-11-04 10:00:00,2022-11-04 12:00:00,long,84.858162,50.315,50.28,-2.97003566999971,0.0,-2.97003566999971,entry_long_2022-11-04 09:55:00,exit_VWAPExitRule_2022-11-04 12:00:00,VWAP Cross Down,False,,16531,16555,24
2022-11-04 12:10:00,2022-11-04 13:05:00,long,146.456846,50.24,50.34,14.645684600000209,0.0,14.645684600000209,entry_long_2022-11-04 12:05:00,exit_VWAPExitRule_2022-11-04 13:05:00,VWAP Cross Down,False,,16557,16568,11
2022-11-04 13:15:00,2022-11-04 14:05:00,long,117.829153,50.39,50.24,-17.67437294999983,0.0,-17.67437294999983,entry_long_2022-11-04 13:10:00,exit_VWAPExitRule_2022-11-04 14:05:00,VWAP Cross Down,False,,16570,16580,10
2022-11-04 14:15:00,2022-11-04 15:40:00,long,271.811213,50.22,50.99,209.29463401000086,0.0,209.29463401000086,entry_long_2022-11-04 14:10:00,exit_TimeExitRule_2022-11-04 15:40:00,Time threshold reached,False,,16582,16599,17
2022-11-10 10:25:00,2022-11-10 12:35:00,long,92.825251,58.17,57.99,-16.708545179999973,0.0,-16.708545179999973,entry_long_2022-11-10 10:20:00,exit_VWAPExitRule_2022-11-10 12:35:00,VWAP Cross Down,False,,16848,16874,26
2022-11-10 13:25:00,2022-11-10 15:40:00,long,178.726547,58.2,58.69,87.57600802999909,0.0,87.57600802999909,entry_long_2022-11-10 13:20:00,exit_TimeExitRule_2022-11-10 15:40:00,Time threshold reached,False,,16884,16911,27
2022-11-11 10:30:00,2022-11-11 15:40:00,long,117.185305,62.37,62.79,49.2178281000002,0.0,49.2178281000002,entry_long_2022-11-11 10:25:00,exit_TimeExitRule_2022-11-11 15:40:00,Time threshold reached,False,,16927,16989,62
2022-11-21 09:50:00,2022-11-21 10:20:00,long,20.425784,58.17000000000001,57.81,-7.353282240000134,0.0,-7.353282240000134,entry_long_2022-11-21 09:45:00,exit_VWAPExitRule_2022-11-21 10:20:00,VWAP Cross Down,False,,17387,17393,6
2022-11-23 09:50:00,2022-11-23 11:50:00,long,57.55227,58.70000000000001,58.61,-5.179704300000605,0.0,-5.179704300000605,entry_long_2022-11-23 09:45:00,exit_VWAPExitRule_2022-11-23 11:50:00,VWAP Cross Down,False,,17543,17566,23
2022-11-23 12:05:00,2022-11-23 12:30:00,long,114.861734,58.61,58.6,-1.1486173399997714,0.0,-1.1486173399997714,entry_long_2022-11-23 12:00:00,exit_VWAPExitRule_2022-11-23 12:30:00,VWAP Cross Down,False,,17569,17574,5
2022-11-23 12:50:00,2022-11-23 12:50:00,long,158.541614,58.650000000000006,58.65,-1.126505921433818e-12,0.0,-1.126505921433818e-12,entry_long_2022-11-23 12:45:00,exit_VWAPExitRule_2022-11-23 12:50:00,VWAP Cross Down,False,,17578,17578,0
2022-11-23 13:35:00,2022-11-23 13:35:00,long,213.43613,58.59,58.59,0.0,0.0,0.0,entry_long_2022-11-23 13:30:00,exit_VWAPExitRule_2022-11-23 13:35:00,VWAP Cross Down,False,,17587,17587,0
2022-11-23 13:45:00,2022-11-23 13:50:00,long,388.011584,58.66,58.65,-3.8801158399992284,0.0,-3.8801158399992284,entry_long_2022-11-23 13:40:00,exit_VWAPExitRule_2022-11-23 13:50:00,VWAP Cross Down,False,,17589,17590,1
2022-11-23 14:00:00,2022-11-23 15:40:00,long,232.409809,58.61,59.07899999999999,109.00020042099862,0.0,109.00020042099862,entry_long_2022-11-23 13:55:00,exit_TimeExitRule_2022-11-23 15:40:00,Time threshold reached,False,,17592,17612,20
2022-11-28 10:25:00,2022-11-28 15:40:00,short,191.218228,59.190000000000005,58.22,185.48168116000116,0.0,185.48168116000116,entry_short_2022-11-28 10:20:00,exit_TimeExitRule_2022-11-28 15:40:00,Time threshold reached,False,,17668,17730,62
2022-11-29 14:45:00,2022-11-29 15:40:00,short,423.317777,58.059999999999995,58.11,-21.165888850001803,0.0,-21.165888850001803,entry_short_2022-11-29 14:40:00,exit_TimeExitRule_2022-11-29 15:40:00,Time threshold reached,False,,17796,17807,11
2022-11-30 10:10:00,2022-11-30 10:30:00,long,193.918965,59.10000000000001,59.04,-11.635137900001817,0.0,-11.635137900001817,entry_long_2022-11-30 10:05:00,exit_VWAPExitRule_2022-11-30 10:30:00,VWAP Cross Down,False,,17819,17823,4
2022-11-30 12:20:00,2022-11-30 13:35:00,short,408.154517,58.36,58.9,-220.40343917999965,0.0,-220.40343917999965,entry_short_2022-11-30 12:15:00,exit_VWAPExitRule_2022-11-30 13:35:00,VWAP Cross Up,False,,17845,17859,14
2022-11-30 13:50:00,2022-11-30 15:40:00,long,83.279536,59.18,60.4,101.60103391999989,0.0,101.60103391999989,entry_long_2022-11-30 13:45:00,exit_TimeExitRule_2022-11-30 15:40:00,Time threshold reached,False,,17862,17884,22
2022-12-02 10:15:00,2022-12-02 13:05:00,long,122.494268,62.63,62.63,0.0,0.0,0.0,entry_long_2022-12-02 10:10:00,exit_VWAPExitRule_2022-12-02 13:05:00,VWAP Cross Down,False,,17975,18009,34
2022-12-02 13:15:00,2022-12-02 14:05:00,long,349.837697,62.57,62.621,17.841722547000675,0.0,17.841722547000675,entry_long_2022-12-02 13:10:00,exit_VWAPExitRule_2022-12-02 14:05:00,VWAP Cross Down,False,,18011,18021,10
2022-12-02 14:15:00,2022-12-02 14:15:00,long,401.367261,62.51,62.51,0.0,0.0,0.0,entry_long_2022-12-02 14:10:00,exit_VWAPExitRule_2022-12-02 14:15:00,VWAP Cross Down,False,,18023,18023,0
2022-12-02 14:25:00,2022-12-02 15:40:00,long,283.184026,62.57,62.72,42.4776038999996,0.0,42.4776038999996,entry_long_2022-12-02 14:20:00,exit_TimeExitRule_2022-12-02 15:40:00,Time threshold reached,False,,18025,18040,15
2022-12-05 14:00:00,2022-12-05 15:40:00,short,237.503966,60.95,61.18,-54.625912179999254,0.0,-54.625912179999254,entry_short_2022-12-05 13:55:00,exit_TimeExitRule_2022-12-05 15:40:00,Time threshold reached,False,,18098,18118,20
2022-12-06 10:05:00,2022-12-06 15:40:00,short,93.747308,60.61999999999999,59.92,65.62311559999894,0.0,65.62311559999894,entry_short_2022-12-06 10:00:00,exit_TimeExitRule_2022-12-06 15:40:00,Time threshold reached,False,,18129,18195,66
2022-12-08 10:05:00,2022-12-08 15:40:00,long,157.730862,59.85999999999999,60.0,22.08232068000121,0.0,22.08232068000121,entry_long_2022-12-08 10:00:00,exit_TimeExitRule_2022-12-08 15:40:00,Time threshold reached,False,,18283,18350,67
2022-12-09 11:00:00,2022-12-09 12:50:00,long,96.222482,60.83,60.51,-30.791194240000028,0.0,-30.791194240000028,entry_long_2022-12-09 10:55:00,exit_VWAPExitRule_2022-12-09 12:50:00,VWAP Cross Down,False,,18372,18394,22
2022-12-12 11:10:00,2022-12-12 11:30:00,long,165.670579,60.71000000000001,60.5,-34.79082159000132,0.0,-34.79082159000132,entry_long_2022-12-12 11:05:00,exit_VWAPExitRule_2022-12-12 11:30:00,VWAP Cross Down,False,,18452,18456,4
2022-12-12 15:00:00,2022-12-12 15:40:00,long,477.503359,60.7,60.864999999999995,78.7880542349962,0.0,78.7880542349962,entry_long_2022-12-12 14:55:00,exit_TimeExitRule_2022-12-12 15:40:00,Time threshold reached,False,,18498,18506,8
2022-12-13 10:05:00,2022-12-13 15:40:00,short,59.642236,63.88,62.511,81.65022108399998,0.0,81.65022108399998,entry_short_2022-12-13 10:00:00,exit_TimeExitRule_2022-12-13 15:40:00,Time threshold reached,False,,18517,18584,67
2022-12-14 10:10:00,2022-12-14 11:45:00,long,226.712032,62.81,62.66,-34.00680480000129,0.0,-34.00680480000129,entry_long_2022-12-14 10:05:00,exit_VWAPExitRule_2022-12-14 11:45:00,VWAP Cross Down,False,,18596,18615,19
2022-12-14 14:05:00,2022-12-14 15:40:00,short,37.770997,61.279999999999994,61.52,-9.065039280000343,0.0,-9.065039280000343,entry_short_2022-12-14 14:00:00,exit_TimeExitRule_2022-12-14 15:40:00,Time threshold reached,False,,18643,18662,19
2022-12-15 09:55:00,2022-12-15 15:40:00,short,99.472856,61.34,60.864999999999995,47.249606600000845,0.0,47.249606600000845,entry_short_2022-12-15 09:50:00,exit_TimeExitRule_2022-12-15 15:40:00,Time threshold reached,False,,18671,18740,69
2022-12-16 12:15:00,2022-12-16 15:40:00,short,124.26894,58.34,58.62,-34.79530319999926,0.0,-34.79530319999926,entry_short_2022-12-16 12:10:00,exit_TimeExitRule_2022-12-16 15:40:00,Time threshold reached,False,,18777,18818,41
2022-12-19 11:35:00,2022-12-19 15:40:00,short,118.415409,58.7,58.3675,39.37312349250037,0.0,39.37312349250037,entry_short_2022-12-19 11:30:00,exit_TimeExitRule_2022-12-19 15:40:00,Time threshold reached,False,,18847,18896,49
2022-12-21 09:50:00,2022-12-21 12:45:00,long,22.644229,61.51499999999999,61.614999999999995,2.264422900000032,0.0,2.264422900000032,entry_long_2022-12-21 09:45:00,exit_VWAPExitRule_2022-12-21 12:45:00,VWAP Cross Down,False,,18982,19017,35
2022-12-21 12:55:00,2022-12-21 15:05:00,long,207.733616,61.61,61.63,4.15467232000065,0.0,4.15467232000065,entry_long_2022-12-21 12:50:00,exit_VWAPExitRule_2022-12-21 15:05:00,VWAP Cross Down,False,,19019,19045,26
2022-12-21 15:15:00,2022-12-21 15:40:00,long,245.352093,61.61,61.69,19.628167439999583,0.0,19.628167439999583,entry_long_2022-12-21 15:10:00,exit_TimeExitRule_2022-12-21 15:40:00,Time threshold reached,False,,19047,19052,5
2022-12-22 11:35:00,2022-12-22 15:20:00,short,105.039581,60.71000000000001,60.955,-25.734697344998985,0.0,-25.734697344998985,entry_short_2022-12-22 11:30:00,exit_VWAPExitRule_2022-12-22 15:20:00,VWAP Cross Up,False,,19081,19126,45
2022-12-28 11:40:00,2022-12-28 15:40:00,short,233.454983,61.33,60.94,91.04744337000014,0.0,91.04744337000014,entry_short_2022-12-28 11:35:00,exit_TimeExitRule_2022-12-28 15:40:00,Time threshold reached,False,,19315,19363,48
2022-12-29 13:20:00,2022-12-29 15:40:00,long,271.88183,62.74000000000001,62.654999999999994,-23.109955550004095,0.0,-23.109955550004095,entry_long_2022-12-29 13:15:00,exit_TimeExitRule_2022-12-29 15:40:00,Time threshold reached,False,,19413,19441,28
2022-12-30 11:30:00,2022-12-30 11:55:00,short,176.283718,61.69,62.04,-61.69930130000025,0.0,-61.69930130000025,entry_short_2022-12-30 11:25:00,exit_VWAPExitRule_2022-12-30 11:55:00,VWAP Cross Up,False,,19469,19474,5
2022-12-30 14:45:00,2022-12-30 15:40:00,short,609.157498,61.79,62.04,-152.2893745,0.0,-152.2893745,entry_short_2022-12-30 14:40:00,exit_TimeExitRule_2022-12-30 15:40:00,Time threshold reached,False,,19508,19519,11
